2015-06-25,"32,000"
2015-06-26,"31,700"
2015-06-27,"30,620"
2015-06-28,"30,870"
2015-06-29,"31,550"
2015-06-30,"32,850"
2015-07-01,"31,960"
2015-07-02,"31,720"
2015-07-03,"31,790"
2015-07-04,"31,800"
2015-07-05,"32,950"
2015-07-06,"33,330"
2015-07-07,"33,340"
2015-07-08,"33,900"
2015-07-09,"34,080"
2015-07-10,"35,890"
2015-07-11,"36,000"
2015-07-12,"38,290"
2015-07-13,"35,000"
2015-07-14,"36,000"
2015-07-15,"35,900"
2015-07-16,"34,100"
2015-07-17,"34,600"
2015-07-18,"34,500"
2015-07-19,"34,600"
2015-07-20,"34,046"
2015-07-21,"34,810"
2015-07-22,"34,930"
2015-07-23,"34,800"
2015-07-24,"35,809"
2015-07-25,"36,020"
2015-07-26,"36,340"
2015-07-27,"36,000"
2015-07-28,"36,550"
2015-07-29,"36,520"
2015-07-30,"35,800"
2015-07-31,"35,280"
2015-08-01,"35,070"
2015-08-02,"34,940"
2015-08-03,"35,280"
2015-08-04,"35,250"
2015-08-05,"35,310"
2015-08-06,"34,980"
2015-08-07,"35,101"
2015-08-08,"32,950"
2015-08-09,"33,180"
2015-08-10,"33,370"
2015-08-11,"33,740"
2015-08-12,"33,520"
2015-08-13,"33,710"
2015-08-14,"33,350"
2015-08-15,"33,119"
2015-08-16,"32,750"
2015-08-17,"32,331"
2015-08-18,"31,520"
2015-08-19,"29,530"
2015-08-20,"29,600"
2015-08-21,"29,085"
2015-08-22,"28,530"
2015-08-23,"28,410"
2015-08-24,"26,200"
2015-08-25,"27,110"
2015-08-26,"27,500"
2015-08-27,"27,900"
2015-08-28,"28,770"
2015-08-29,"28,490"
2015-08-30,"28,197"
2015-08-31,"28,300"
2015-09-01,"28,000"
2015-09-02,"28,210"
2015-09-03,"28,050"
2015-09-04,"27,850"
2015-09-05,"28,020"
2015-09-06,"29,000"
2015-09-07,"29,120"
2015-09-08,"29,518"
2015-09-09,"28,840"
2015-09-10,"29,230"
2015-09-11,"29,362"
2015-09-12,"29,350"
2015-09-13,"28,780"
2015-09-14,"28,191"
2015-09-15,"27,999"
2015-09-16,"27,923"
2015-09-17,"28,264"
2015-09-18,"28,261"
2015-09-19,"28,031"
2015-09-20,"27,897"
2015-09-21,"27,440"
2015-09-22,"27,762"
2015-09-23,"27,814"
2015-09-24,"27,861"
2015-09-25,"28,430"
2015-09-26,"28,410"
2015-09-27,"28,434"
2015-09-28,"28,719"
2015-09-29,"28,790"
2015-09-30,"28,992"
2015-10-01,"28,920"
2015-10-02,"29,137"
2015-10-03,"29,153"
2015-10-04,"29,050"
2015-10-05,"29,081"
2015-10-06,"29,260"
2015-10-07,"29,661"
2015-10-08,"29,495"
2015-10-09,"29,660"
2015-10-10,"29,583"
2015-10-11,"30,180"
2015-10-12,"30,139"
2015-10-13,"29,584"
2015-10-14,"30,189"
2015-10-15,"30,201"
2015-10-16,"30,740"
2015-10-17,"32,020"
2015-10-18,"32,140"
2015-10-19,"31,496"
2015-10-20,"32,034"
2015-10-21,"32,174"
2015-10-22,"32,526"
2015-10-23,"33,357"
2015-10-24,"34,110"
2015-10-25,"35,172"
2015-10-26,"34,570"
2015-10-27,"35,698"
2015-10-28,"37,075"
2015-10-29,"37,780"
2015-10-30,"39,515"
2015-10-31,"37,980"
2015-11-01,"38,601"
2015-11-02,"44,413"
2015-11-03,"48,763"
2015-11-04,"52,000"
2015-11-05,"51,290"
2015-11-06,"46,881"
2015-11-07,"47,571"
2015-11-08,"48,411"
2015-11-09,"47,820"
2015-11-10,"47,915"
2015-11-11,"39,430"
2015-11-12,"41,090"
2015-11-13,"41,010"
2015-11-14,"41,580"
2015-11-15,"40,192"
2015-11-16,"39,850"
2015-11-17,"41,340"
2015-11-18,"41,400"
2015-11-19,"40,612"
2015-11-20,"39,850"
2015-11-21,"40,380"
2015-11-22,"40,223"
2015-11-23,"40,016"
2015-11-24,"39,290"
2015-11-25,"40,599"
2015-11-26,"43,898"
2015-11-27,"43,520"
2015-11-28,"43,862"
2015-11-29,"44,078"
2015-11-30,"46,050"
2015-12-01,"44,950"
2015-12-02,"43,364"
2015-12-03,"45,360"
2015-12-04,"44,250"
2015-12-05,"45,750"
2015-12-06,"48,600"
2015-12-07,"49,250"
2015-12-08,"48,959"
2015-12-09,"51,690"
2015-12-10,"50,499"
2015-12-11,"52,820"
2015-12-12,"51,660"
2015-12-13,"53,244"
2015-12-14,"54,053"
2015-12-15,"56,188"
2015-12-16,"55,981"
2015-12-17,"55,740"
2015-12-18,"56,140"
2015-12-19,"56,101"
2015-12-20,"52,676"
2015-12-21,"52,761"
2015-12-22,"52,912"
2015-12-23,"53,480"
2015-12-24,"54,961"
2015-12-25,"55,188"
2015-12-26,"50,570"
2015-12-27,"51,250"
2015-12-28,"52,160"
2015-12-29,"50,890"
2015-12-30,"52,118"
2015-12-31,"51,052"
2016-01-01,"52,320"
2016-01-02,"52,138"
2016-01-03,"51,782"
2016-01-04,"51,530"
2016-01-05,"51,800"
2016-01-06,"51,175"
2016-01-07,"53,526"
2016-01-08,"53,617"
2016-01-09,"52,880"
2016-01-10,"52,560"
2016-01-11,"52,555"
2016-01-12,"52,560"
2016-01-13,"50,971"
2016-01-14,"50,916"
2016-01-15,"46,650"
2016-01-16,"43,560"
2016-01-17,"44,722"
2016-01-18,"45,703"
2016-01-19,"45,174"
2016-01-20,"48,724"
2016-01-21,"48,430"
2016-01-22,"45,011"
2016-01-23,"45,887"
2016-01-24,"48,067"
2016-01-25,"46,681"
2016-01-26,"46,350"
2016-01-27,"46,938"
2016-01-28,"45,241"
2016-01-29,"46,094"
2016-01-30,"46,081"
2016-01-31,"45,120"
2016-02-01,"45,265"
2016-02-02,"45,030"
2016-02-03,"44,160"
2016-02-04,"46,345"
2016-02-05,"45,513"
2016-02-06,"44,460"
2016-02-07,"44,468"
2016-02-08,"43,901"
2016-02-09,"43,840"
2016-02-10,"44,040"
2016-02-11,"43,199"
2016-02-12,"44,044"
2016-02-13,"44,739"
2016-02-14,"46,104"
2016-02-15,"45,905"
2016-02-16,"46,650"
2016-02-17,"48,020"
2016-02-18,"48,644"
2016-02-19,"48,080"
2016-02-20,"50,320"
2016-02-21,"50,020"
2016-02-22,"50,189"
2016-02-23,"47,850"
2016-02-24,"47,846"
2016-02-25,"48,390"
2016-02-26,"49,531"
2016-02-27,"49,702"
2016-02-28,"49,690"
2016-02-29,"49,926"
2016-03-01,"49,910"
2016-03-02,"48,861"
2016-03-03,"48,448"
2016-03-04,"47,250"
2016-03-05,"45,880"
2016-03-06,"46,840"
2016-03-07,"47,633"
2016-03-08,"47,128"
2016-03-09,"47,239"
2016-03-10,"47,481"
2016-03-11,"47,989"
2016-03-12,"46,810"
2016-03-13,"47,260"
2016-03-14,"47,730"
2016-03-15,"47,699"
2016-03-16,"47,711"
2016-03-17,"47,381"
2016-03-18,"46,218"
2016-03-19,"46,327"
2016-03-20,"46,677"
2016-03-21,"46,669"
2016-03-22,"47,249"
2016-03-23,"47,388"
2016-03-24,"47,550"
2016-03-25,"47,759"
2016-03-26,"47,797"
2016-03-27,"48,948"
2016-03-28,"48,822"
2016-03-29,"47,750"
2016-03-30,"47,710"
2016-03-31,"47,470"
2016-04-01,"47,461"
2016-04-02,"47,775"
2016-04-03,"47,762"
2016-04-04,"47,475"
2016-04-05,"47,556"
2016-04-06,"47,201"
2016-04-07,"46,526"
2016-04-08,"46,234"
2016-04-09,"46,066"
2016-04-10,"46,185"
2016-04-11,"45,988"
2016-04-12,"46,719"
2016-04-13,"46,583"
2016-04-14,"46,544"
2016-04-15,"47,040"
2016-04-16,"47,141"
2016-04-17,"46,850"
2016-04-18,"46,832"
2016-04-19,"47,630"
2016-04-20,"48,291"
2016-04-21,"49,245"
2016-04-22,"49,803"
2016-04-23,"50,284"
2016-04-24,"51,502"
2016-04-25,"51,385"
2016-04-26,"51,840"
2016-04-27,"50,430"
2016-04-28,"49,270"
2016-04-29,"49,179"
2016-04-30,"47,769"
2016-05-01,"48,322"
2016-05-02,"47,824"
2016-05-03,"48,627"
2016-05-04,"48,052"
2016-05-05,"48,389"
2016-05-06,"49,470"
2016-05-07,"49,359"
2016-05-08,"49,256"
2016-05-09,"49,759"
2016-05-10,"49,080"
2016-05-11,"49,135"
2016-05-12,"49,667"
2016-05-13,"49,669"
2016-05-14,"49,671"
2016-05-15,"49,642"
2016-05-16,"49,559"
2016-05-17,"49,346"
2016-05-18,"49,625"
2016-05-19,"48,549"
2016-05-20,"48,736"
2016-05-21,"48,801"
2016-05-22,"48,380"
2016-05-23,"48,614"
2016-05-24,"49,113"
2016-05-25,"49,519"
2016-05-26,"49,906"
2016-05-27,"52,550"
2016-05-28,"59,441"
2016-05-29,"58,680"
2016-05-30,"59,858"
2016-05-31,"59,600"
2016-06-01,"59,811"
2016-06-02,"59,184"
2016-06-03,"61,146"
2016-06-04,"61,277"
2016-06-05,"61,696"
2016-06-06,"63,042"
2016-06-07,"62,527"
2016-06-08,"62,695"
2016-06-09,"61,926"
2016-06-10,"62,304"
2016-06-11,"63,924"
2016-06-12,"71,762"
2016-06-13,"75,573"
2016-06-14,"74,117"
2016-06-15,"74,315"
2016-06-16,"81,921"
2016-06-17,"79,855"
2016-06-18,"80,361"
2016-06-19,"80,766"
2016-06-20,"78,260"
2016-06-21,"69,945"
2016-06-22,"62,693"
2016-06-23,"66,749"
2016-06-24,"68,610"
2016-06-25,"68,901"
2016-06-26,"64,696"
2016-06-27,"66,122"
2016-06-28,"66,969"
2016-06-29,"66,590"
2016-06-30,"70,056"
2016-07-01,"70,545"
2016-07-02,"73,297"
2016-07-03,"68,815"
2016-07-04,"70,834"
2016-07-05,"68,776"
2016-07-06,"68,820"
2016-07-07,"64,766"
2016-07-08,"67,329"
2016-07-09,"66,001"
2016-07-10,"65,355"
2016-07-11,"66,382"
2016-07-12,"70,473"
2016-07-13,"68,841"
2016-07-14,"69,312"
2016-07-15,"69,743"
2016-07-16,"69,798"
2016-07-17,"71,649"
2016-07-18,"71,395"
2016-07-19,"71,619"
2016-07-20,"71,289"
2016-07-21,"70,553"
2016-07-22,"69,095"
2016-07-23,"69,713"
2016-07-24,"70,270"
2016-07-25,"69,397"
2016-07-26,"68,858"
2016-07-27,"69,038"
2016-07-28,"68,616"
2016-07-29,"67,784"
2016-07-30,"67,179"
2016-07-31,"64,000"
2016-08-01,"62,490"
2016-08-02,"51,497"
2016-08-03,"58,040"
2016-08-04,"58,147"
2016-08-05,"58,671"
2016-08-06,"60,191"
2016-08-07,"60,788"
2016-08-08,"61,039"
2016-08-09,"60,660"
2016-08-10,"60,859"
2016-08-11,"60,358"
2016-08-12,"60,162"
2016-08-13,"59,880"
2016-08-14,"58,682"
2016-08-15,"57,946"
2016-08-16,"58,165"
2016-08-17,"57,920"
2016-08-18,"57,807"
2016-08-19,"58,145"
2016-08-20,"58,519"
2016-08-21,"58,428"
2016-08-22,"59,407"
2016-08-23,"58,775"
2016-08-24,"58,165"
2016-08-25,"58,072"
2016-08-26,"58,727"
2016-08-27,"58,191"
2016-08-28,"58,266"
2016-08-29,"58,565"
2016-08-30,"59,482"
2016-08-31,"59,193"
2016-09-01,"59,218"
2016-09-02,"59,455"
2016-09-03,"62,106"
2016-09-04,"63,088"
2016-09-05,"62,800"
2016-09-06,"62,295"
2016-09-07,"62,819"
2016-09-08,"63,836"
2016-09-09,"64,167"
2016-09-10,"64,394"
2016-09-11,"62,394"
2016-09-12,"62,091"
2016-09-13,"62,551"
2016-09-14,"62,727"
2016-09-15,"62,468"
2016-09-16,"62,600"
2016-09-17,"62,310"
2016-09-18,"62,759"
2016-09-19,"62,090"
2016-09-20,"61,967"
2016-09-21,"60,409"
2016-09-22,"60,265"
2016-09-23,"61,226"
2016-09-24,"60,919"
2016-09-25,"60,758"
2016-09-26,"61,213"
2016-09-27,"61,047"
2016-09-28,"61,126"
2016-09-29,"61,232"
2016-09-30,"61,927"
2016-10-01,"62,300"
2016-10-02,"62,015"
2016-10-03,"62,272"
2016-10-04,"62,774"
2016-10-05,"63,389"
2016-10-06,"63,643"
2016-10-07,"63,872"
2016-10-08,"63,979"
2016-10-09,"63,436"
2016-10-10,"63,810"
2016-10-11,"66,358"
2016-10-12,"66,539"
2016-10-13,"66,230"
2016-10-14,"66,920"
2016-10-15,"66,692"
2016-10-16,"67,023"
2016-10-17,"66,959"
2016-10-18,"66,920"
2016-10-19,"65,740"
2016-10-20,"65,800"
2016-10-21,"66,363"
2016-10-22,"68,921"
2016-10-23,"68,306"
2016-10-24,"68,891"
2016-10-25,"68,948"
2016-10-26,"71,799"
2016-10-27,"72,960"
2016-10-28,"73,332"
2016-10-29,"76,874"
2016-10-30,"74,241"
2016-10-31,"75,042"
2016-11-01,"77,127"
2016-11-02,"77,075"
2016-11-03,"71,260"
2016-11-04,"73,096"
2016-11-05,"73,196"
2016-11-06,"74,594"
2016-11-07,"74,331"
2016-11-08,"75,015"
2016-11-09,"77,297"
2016-11-10,"76,902"
2016-11-11,"77,002"
2016-11-12,"76,024"
2016-11-13,"75,600"
2016-11-14,"76,568"
2016-11-15,"77,508"
2016-11-16,"80,892"
2016-11-17,"82,000"
2016-11-18,"83,179"
2016-11-19,"84,101"
2016-11-20,"81,422"
2016-11-21,"82,825"
2016-11-22,"84,647"
2016-11-23,"84,529"
2016-11-24,"84,745"
2016-11-25,"84,950"
2016-11-26,"84,775"
2016-11-27,"84,457"
2016-11-28,"84,523"
2016-11-29,"84,705"
2016-11-30,"87,273"
2016-12-01,"88,750"
2016-12-02,"91,997"
2016-12-03,"91,300"
2016-12-04,"91,300"
2016-12-05,"91,226"
2016-12-06,"90,738"
2016-12-07,"90,241"
2016-12-08,"89,593"
2016-12-09,"90,329"
2016-12-10,"90,186"
2016-12-11,"89,822"
2016-12-12,"91,201"
2016-12-13,"91,775"
2016-12-14,"91,479"
2016-12-15,"92,410"
2016-12-16,"93,275"
2016-12-17,"93,819"
2016-12-18,"93,830"
2016-12-19,"93,891"
2016-12-20,"95,810"
2016-12-21,"100,035"
2016-12-22,"105,377"
2016-12-23,"110,662"
2016-12-24,"108,061"
2016-12-25,"107,455"
2016-12-26,"108,121"
2016-12-27,"111,462"
2016-12-28,"117,881"
2016-12-29,"116,864"
2016-12-30,"115,814"
2016-12-31,"115,846"
2017-01-01,"120,735"
2017-01-02,"122,210"
2017-01-03,"122,833"
2017-01-04,"142,704"
2017-01-05,"117,450"
2017-01-06,"111,794"
2017-01-07,"109,509"
2017-01-08,"108,288"
2017-01-09,"105,004"
2017-01-10,"107,224"
2017-01-11,"90,700"
2017-01-12,"93,101"
2017-01-13,"95,078"
2017-01-14,"94,427"
2017-01-15,"94,352"
2017-01-16,"95,430"
2017-01-17,"103,797"
2017-01-18,"100,714"
2017-01-19,"102,613"
2017-01-20,"102,768"
2017-01-21,"105,993"
2017-01-22,"105,670"
2017-01-23,"105,042"
2017-01-24,"103,302"
2017-01-25,"102,081"
2017-01-26,"105,599"
2017-01-27,"105,871"
2017-01-28,"106,120"
2017-01-29,"105,901"
2017-01-30,"105,830"
2017-01-31,"109,415"
2017-02-01,"112,846"
2017-02-02,"116,360"
2017-02-03,"116,856"
2017-02-04,"117,695"
2017-02-05,"117,651"
2017-02-06,"117,518"
2017-02-07,"119,905"
2017-02-08,"122,495"
2017-02-09,"113,797"
2017-02-10,"113,915"
2017-02-11,"114,912"
2017-02-12,"114,532"
2017-02-13,"115,530"
2017-02-14,"116,974"
2017-02-15,"117,647"
2017-02-16,"119,753"
2017-02-17,"121,510"
2017-02-18,"121,616"
2017-02-19,"121,290"
2017-02-20,"123,240"
2017-02-21,"130,995"
2017-02-22,"130,182"
2017-02-23,"135,800"
2017-02-24,"136,217"
2017-02-25,"131,196"
2017-02-26,"134,828"
2017-02-27,"135,350"
2017-02-28,"138,710"
2017-03-01,"144,035"
2017-03-02,"147,872"
2017-03-03,"148,937"
2017-03-04,"147,864"
2017-03-05,"147,950"
2017-03-06,"148,211"
2017-03-07,"142,801"
2017-03-08,"135,625"
2017-03-09,"138,800"
2017-03-10,"135,200"
2017-03-11,"138,360"
2017-03-12,"143,761"
2017-03-13,"145,330"
2017-03-14,"144,675"
2017-03-15,"145,150"
2017-03-16,"137,300"
2017-03-17,"125,510"
2017-03-18,"108,687"
2017-03-19,"120,051"
2017-03-20,"121,650"
2017-03-21,"127,454"
2017-03-22,"118,830"
2017-03-23,"115,810"
2017-03-24,"103,300"
2017-03-25,"110,564"
2017-03-26,"108,213"
2017-03-27,"117,000"
2017-03-28,"117,750"
2017-03-29,"116,610"
2017-03-30,"116,438"
2017-03-31,"121,339"
2017-04-01,"122,797"
2017-04-02,"122,925"
2017-04-03,"128,200"
2017-04-04,"128,488"
2017-04-05,"127,515"
2017-04-06,"133,491"
2017-04-07,"134,217"
2017-04-08,"133,730"
2017-04-09,"135,049"
2017-04-10,"135,100"
2017-04-11,"135,300"
2017-04-12,"133,100"
2017-04-13,"130,120"
2017-04-14,"131,478"
2017-04-15,"131,481"
2017-04-16,"131,850"
2017-04-17,"132,700"
2017-04-18,"132,686"
2017-04-19,"133,457"
2017-04-20,"136,450"
2017-04-21,"138,146"
2017-04-22,"137,631"
2017-04-23,"137,958"
2017-04-24,"138,140"
2017-04-25,"141,696"
2017-04-26,"144,287"
2017-04-27,"147,999"
2017-04-28,"149,000"
2017-04-29,"147,810"
2017-04-30,"149,740"
2017-05-01,"161,300"
2017-05-02,"166,426"
2017-05-03,"169,759"
2017-05-04,"176,975"
2017-05-05,"175,096"
2017-05-06,"177,580"
2017-05-07,"182,449"
2017-05-08,"198,772"
2017-05-09,"208,999"
2017-05-10,"214,560"
2017-05-11,"214,851"
2017-05-12,"196,404"
2017-05-13,"207,641"
2017-05-14,"211,700"
2017-05-15,"207,000"
2017-05-16,"207,453"
2017-05-17,"214,743"
2017-05-18,"225,500"
2017-05-19,"233,001"
2017-05-20,"258,900"
2017-05-21,"261,100"
2017-05-22,"277,713"
2017-05-23,"295,014"
2017-05-24,"302,905"
2017-05-25,"280,000"
2017-05-26,"269,000"
2017-05-27,"255,989"
2017-05-28,"265,257"
2017-05-29,"273,597"
2017-05-30,"261,000"
2017-05-31,"265,000"
2017-06-01,"272,999"
2017-06-02,"278,000"
2017-06-03,"287,500"
2017-06-04,"286,000"
2017-06-05,"303,401"
2017-06-06,"318,988"
2017-06-07,"294,199"
2017-06-08,"308,770"
2017-06-09,"313,000"
2017-06-10,"319,299"
2017-06-11,"329,050"
2017-06-12,"312,775"
2017-06-13,"304,130"
2017-06-14,"287,850"
2017-06-15,"283,202"
2017-06-16,"284,580"
2017-06-17,"302,002"
2017-06-18,"286,300"
2017-06-19,"293,601"
2017-06-20,"296,976"
2017-06-21,"299,799"
2017-06-22,"303,101"
2017-06-23,"305,599"
2017-06-24,"292,500"
2017-06-25,"293,400"
2017-06-26,"287,100"
2017-06-27,"284,200"
2017-06-28,"288,625"
2017-06-29,"284,610"
2017-06-30,"281,633"
2017-07-01,"276,600"
2017-07-02,"281,330"
2017-07-03,"287,924"
2017-07-04,"292,501"
2017-07-05,"292,127"
2017-07-06,"293,850"
2017-07-07,"288,084"
2017-07-08,"291,821"
2017-07-09,"288,855"
2017-07-10,"273,753"
2017-07-11,"266,592"
2017-07-12,"272,350"
2017-07-13,"267,990"
2017-07-14,"253,540"
2017-07-15,"226,451"
2017-07-16,"216,022"
2017-07-17,"255,000"
2017-07-18,"258,599"
2017-07-19,"255,500"
2017-07-20,"313,945"
2017-07-21,"289,830"
2017-07-22,"309,004"
2017-07-23,"304,815"
2017-07-24,"307,596"
2017-07-25,"286,300"
2017-07-26,"283,240"
2017-07-27,"294,441"
2017-07-28,"308,750"
2017-07-29,"302,240"
2017-07-30,"305,242"
2017-07-31,"324,260"
2017-08-01,"304,219"
2017-08-02,"301,419"
2017-08-03,"309,191"
2017-08-04,"319,330"
2017-08-05,"362,700"
2017-08-06,"358,949"
2017-08-07,"380,398"
2017-08-08,"384,001"
2017-08-09,"373,227"
2017-08-10,"376,266"
2017-08-11,"399,501"
2017-08-12,"429,944"
2017-08-13,"451,101"
2017-08-14,"477,100"
2017-08-15,"465,571"
2017-08-16,"485,555"
2017-08-17,"471,243"
2017-08-18,"455,540"
2017-08-19,"458,358"
2017-08-20,"449,300"
2017-08-21,"433,266"
2017-08-22,"451,782"
2017-08-23,"454,324"
2017-08-24,"472,740"
2017-08-25,"476,820"
2017-08-26,"474,401"
2017-08-27,"477,244"
2017-08-28,"478,330"
2017-08-29,"499,600"
2017-08-30,"503,825"
2017-08-31,"523,300"
2017-09-01,"547,797"
2017-09-02,"516,000"
2017-09-03,"522,530"
2017-09-04,"485,001"
2017-09-05,"493,900"
2017-09-06,"506,347"
2017-09-07,"502,110"
2017-09-08,"479,712"
2017-09-09,"466,300"
2017-09-10,"456,000"
2017-09-11,"459,300"
2017-09-12,"458,799"
2017-09-13,"425,554"
2017-09-14,"313,500"
2017-09-15,"416,530"
2017-09-16,"405,795"
2017-09-17,"401,879"
2017-09-18,"452,270"
2017-09-19,"429,414"
2017-09-20,"431,999"
2017-09-21,"409,647"
2017-09-22,"404,830"
2017-09-23,"424,299"
2017-09-24,"412,640"
2017-09-25,"435,637"
2017-09-26,"430,299"
2017-09-27,"468,510"
2017-09-28,"465,990"
2017-09-29,"463,158"
2017-09-30,"485,219"
2017-10-01,"488,150"
2017-10-02,"493,588"
2017-10-03,"488,000"
2017-10-04,"475,976"
2017-10-05,"484,414"
2017-10-06,"490,960"
2017-10-07,"493,181"
2017-10-08,"512,458"
2017-10-09,"532,068"
2017-10-10,"536,000"
2017-10-11,"537,859"
2017-10-12,"614,500"
2017-10-13,"631,533"
2017-10-14,"648,460"
2017-10-15,"638,776"
2017-10-16,"641,822"
2017-10-17,"629,768"
2017-10-18,"629,000"
2017-10-19,"637,865"
2017-10-20,"675,038"
2017-10-21,"685,547"
2017-10-22,"681,259"
2017-10-23,"671,481"
2017-10-24,"625,146"
2017-10-25,"641,808"
2017-10-26,"667,900"
2017-10-27,"653,230"
2017-10-28,"646,110"
2017-10-29,"687,656"
2017-10-30,"682,911"
2017-10-31,"727,720"
2017-11-01,"769,400"
2017-11-02,"808,225"
2017-11-03,"825,280"
2017-11-04,"844,824"
2017-11-05,"847,468"
2017-11-06,"814,151"
2017-11-07,"815,856"
2017-11-08,"857,001"
2017-11-09,"819,697"
2017-11-10,"744,342"
2017-11-11,"720,794"
2017-11-12,"666,314"
2017-11-13,"756,290"
2017-11-14,"762,731"
2017-11-15,"827,466"
2017-11-16,"887,343"
2017-11-17,"868,427"
2017-11-18,"876,064"
2017-11-19,"896,998"
2017-11-20,"930,927"
2017-11-21,"914,374"
2017-11-22,"918,659"
2017-11-23,"893,020"
2017-11-24,"915,275"
2017-11-25,"973,888"
2017-11-26,"1,037,890"
2017-11-27,"1,084,600"
2017-11-28,"1,141,802"
2017-11-29,"1,137,895"
2017-11-30,"1,174,880"
2017-12-01,"1,235,687"
2017-12-02,"1,232,714"
2017-12-03,"1,282,000"
2017-12-04,"1,303,906"
2017-12-05,"1,325,500"
2017-12-06,"1,563,054"
2017-12-07,"2,210,000"
2017-12-08,"1,986,009"
2017-12-09,"1,790,776"
2017-12-10,"1,737,398"
2017-12-11,"1,932,962"
2017-12-12,"1,963,999"
2017-12-13,"1,897,236"
2017-12-14,"1,910,738"
2017-12-15,"2,021,949"
2017-12-16,"2,198,958"
2017-12-17,"2,203,500"
2017-12-18,"2,167,489"
2017-12-19,"2,099,999"
2017-12-20,"1,940,798"
2017-12-21,"1,924,590"
2017-12-22,"1,699,450"
2017-12-23,"1,750,477"
2017-12-24,"1,613,985"
2017-12-25,"1,605,000"
2017-12-26,"1,828,770"
2017-12-27,"1,789,005"
2017-12-28,"1,698,979"
2017-12-29,"1,723,501"
2017-12-30,"1,520,180"
2017-12-31,"1,673,600"
2018-01-01,"1,635,320"
2018-01-02,"1,725,726"
2018-01-03,"1,756,861"
2018-01-04,"1,832,028"
2018-01-05,"1,996,000"
2018-01-06,"1,991,979"
2018-01-07,"1,944,975"
2018-01-08,"1,861,375"
2018-01-09,"1,844,541"
2018-01-10,"1,830,351"
2018-01-11,"1,660,000"
2018-01-12,"1,687,004"
2018-01-13,"1,744,658"
2018-01-14,"1,690,950"
2018-01-15,"1,679,209"
2018-01-16,"1,303,536"
2018-01-17,"1,286,351"
2018-01-18,"1,288,790"
2018-01-19,"1,310,005"
2018-01-20,"1,445,468"
2018-01-21,"1,304,989"
2018-01-22,"1,222,150"
2018-01-23,"1,202,968"
2018-01-24,"1,246,799"
2018-01-25,"1,235,505"
2018-01-26,"1,182,999"
2018-01-27,"1,252,440"
2018-01-28,"1,266,010"
2018-01-29,"1,218,143"
2018-01-30,"1,085,000"
2018-01-31,"1,108,417"
2018-02-01,"964,000"
2018-02-02,"954,291"
2018-02-03,"997,080"
2018-02-04,"890,468"
2018-02-05,"741,000"
2018-02-06,"841,751"
2018-02-07,"823,714"
2018-02-08,"896,989"
2018-02-09,"953,639"
2018-02-10,"940,442"
2018-02-11,"887,384"
2018-02-12,"972,007"
2018-02-13,"924,633"
2018-02-14,"1,015,216"
2018-02-15,"1,075,434"
2018-02-16,"1,089,298"
2018-02-17,"1,188,036"
2018-02-18,"1,117,984"
2018-02-19,"1,202,004"
2018-02-20,"1,217,180"
2018-02-21,"1,149,988"
2018-02-22,"1,055,610"
2018-02-23,"1,094,321"
2018-02-24,"1,049,365"
2018-02-25,"1,033,590"
2018-02-26,"1,108,380"
2018-02-27,"1,142,979"
2018-02-28,"1,105,021"
2018-03-01,"1,161,983"
2018-03-02,"1,170,125"
2018-03-03,"1,214,103"
2018-03-04,"1,209,365"
2018-03-05,"1,225,810"
2018-03-06,"1,137,737"
2018-03-07,"1,051,214"
2018-03-08,"999,330"
2018-03-09,"996,405"
2018-03-10,"950,000"
2018-03-11,"1,025,265"
2018-03-12,"979,290"
2018-03-13,"983,020"
2018-03-14,"881,601"
2018-03-15,"886,506"
2018-03-16,"883,517"
2018-03-17,"843,070"
2018-03-18,"869,677"
2018-03-19,"925,880"
2018-03-20,"960,000"
2018-03-21,"950,000"
2018-03-22,"922,014"
2018-03-23,"944,499"
2018-03-24,"905,978"
2018-03-25,"894,936"
2018-03-26,"867,391"
2018-03-27,"828,715"
2018-03-28,"852,101"
2018-03-29,"750,367"
2018-03-30,"729,449"
2018-03-31,"744,025"
2018-04-01,"727,792"
2018-04-02,"752,438"
2018-04-03,"795,552"
2018-04-04,"730,003"
2018-04-05,"730,720"
2018-04-06,"711,892"
2018-04-07,"738,237"
2018-04-08,"752,293"
2018-04-09,"726,910"
2018-04-10,"733,827"
2018-04-11,"742,231"
2018-04-12,"849,555"
2018-04-13,"846,501"
2018-04-14,"859,000"
2018-04-15,"901,500"
2018-04-16,"865,466"
2018-04-17,"848,360"
2018-04-18,"876,662"
2018-04-19,"892,257"
2018-04-20,"956,500"
2018-04-21,"959,572"
2018-04-22,"948,525"
2018-04-23,"974,000"
2018-04-24,"1,059,800"
2018-04-25,"970,000"
2018-04-26,"1,007,348"
2018-04-27,"974,206"
2018-04-28,"1,003,849"
2018-04-29,"1,019,860"
2018-04-30,"1,010,790"
2018-05-01,"995,247"
2018-05-02,"1,009,408"
2018-05-03,"1,060,422"
2018-05-04,"1,054,800"
2018-05-05,"1,072,007"
2018-05-06,"1,049,479"
2018-05-07,"1,018,771"
2018-05-08,"995,400"
2018-05-09,"1,015,444"
2018-05-10,"981,950"
2018-05-11,"913,999"
2018-05-12,"928,209"
2018-05-13,"954,446"
2018-05-14,"954,500"
2018-05-15,"936,657"
2018-05-16,"921,997"
2018-05-17,"894,214"
2018-05-18,"914,768"
2018-05-19,"911,908"
2018-05-20,"944,490"
2018-05-21,"933,700"
2018-05-22,"891,680"
2018-05-23,"830,500"
2018-05-24,"831,994"
2018-05-25,"822,243"
2018-05-26,"809,200"
2018-05-27,"810,874"
2018-05-28,"780,542"
2018-05-29,"814,034"
2018-05-30,"806,049"
2018-05-31,"816,163"
2018-06-01,"823,764"
2018-06-02,"832,000"
2018-06-03,"846,108"
2018-06-04,"825,495"
2018-06-05,"837,110"
2018-06-06,"844,654"
2018-06-07,"844,943"
2018-06-08,"835,944"
2018-06-09,"824,700"
2018-06-10,"745,000"
2018-06-11,"764,285"
2018-06-12,"729,990"
2018-06-13,"702,000"
2018-06-14,"737,999"
2018-06-15,"711,596"
2018-06-16,"721,001"
2018-06-17,"716,078"
2018-06-18,"739,806"
2018-06-19,"743,575"
2018-06-20,"747,300"
2018-06-21,"741,243"
2018-06-22,"675,980"
2018-06-23,"684,326"
2018-06-24,"679,992"
2018-06-25,"690,637"
2018-06-26,"673,064"
2018-06-27,"679,146"
2018-06-28,"653,499"
2018-06-29,"686,266"
2018-06-30,"708,181"
2018-07-01,"703,681"
2018-07-02,"733,500"
2018-07-03,"719,617"
2018-07-04,"727,595"
2018-07-05,"722,570"
2018-07-06,"728,865"
2018-07-07,"741,807"
2018-07-08,"738,231"
2018-07-09,"738,503"
2018-07-10,"700,989"
2018-07-11,"715,724"
2018-07-12,"703,320"
2018-07-13,"699,000"
2018-07-14,"703,009"
2018-07-15,"713,100"
2018-07-16,"756,995"
2018-07-17,"822,397"
2018-07-18,"823,605"
2018-07-19,"834,726"
2018-07-20,"819,892"
2018-07-21,"825,010"
2018-07-22,"823,501"
2018-07-23,"860,318"
2018-07-24,"931,863"
2018-07-25,"904,090"
2018-07-26,"878,897"
2018-07-27,"908,061"
2018-07-28,"909,700"
2018-07-29,"907,725"
2018-07-30,"902,578"
2018-07-31,"861,991"
2018-08-01,"847,776"
2018-08-02,"841,000"
2018-08-03,"823,796"
2018-08-04,"780,152"
2018-08-05,"782,614"
2018-08-06,"771,111"
2018-08-07,"748,608"
2018-08-08,"696,036"
2018-08-09,"727,133"
2018-08-10,"685,317"
2018-08-11,"691,919"
2018-08-12,"701,387"
2018-08-13,"695,829"
2018-08-14,"689,388"
2018-08-15,"693,135"
2018-08-16,"703,784"
2018-08-17,"729,042"
2018-08-18,"709,028"
2018-08-19,"716,759"
2018-08-20,"691,622"
2018-08-21,"714,082"
2018-08-22,"704,000"
2018-08-23,"725,049"
2018-08-24,"743,130"
2018-08-25,"747,348"
2018-08-26,"745,667"
2018-08-27,"765,480"
2018-08-28,"786,783"
2018-08-29,"783,656"
2018-08-30,"776,226"
2018-08-31,"777,195"
2018-09-01,"798,557"
2018-09-02,"809,923"
2018-09-03,"805,796"
2018-09-04,"818,782"
2018-09-05,"743,000"
2018-09-06,"718,468"
2018-09-07,"711,586"
2018-09-08,"689,333"
2018-09-09,"691,935"
2018-09-10,"700,705"
2018-09-11,"701,486"
2018-09-12,"703,648"
2018-09-13,"727,046"
2018-09-14,"725,923"
2018-09-15,"729,500"
2018-09-16,"727,098"
2018-09-17,"698,797"
2018-09-18,"710,599"
2018-09-19,"712,522"
2018-09-20,"727,854"
2018-09-21,"757,653"
2018-09-22,"754,160"
2018-09-23,"752,993"
2018-09-24,"741,351"
2018-09-25,"725,698"
2018-09-26,"728,368"
2018-09-27,"755,162"
2018-09-28,"751,915"
2018-09-29,"747,964"
2018-09-30,"750,600"
2018-10-01,"747,699"
2018-10-02,"737,401"
2018-10-03,"739,940"
2018-10-04,"745,550"
2018-10-05,"748,573"
2018-10-06,"745,978"
2018-10-07,"747,052"
2018-10-08,"747,399"
2018-10-09,"745,697"
2018-10-10,"732,494"
2018-10-11,"691,512"
2018-10-12,"696,700"
2018-10-13,"697,003"
2018-10-14,"695,424"
2018-10-15,"720,796"
2018-10-16,"726,734"
2018-10-17,"725,895"
2018-10-18,"718,094"
2018-10-19,"718,992"
2018-10-20,"720,741"
2018-10-21,"721,676"
2018-10-22,"722,260"
2018-10-23,"717,528"
2018-10-24,"718,583"
2018-10-25,"717,445"
2018-10-26,"716,625"
2018-10-27,"716,700"
2018-10-28,"717,000"
2018-10-29,"703,190"
2018-10-30,"707,883"
2018-10-31,"711,545"
2018-11-01,"713,733"
2018-11-02,"717,612"
2018-11-03,"716,487"
2018-11-04,"725,398"
2018-11-05,"724,217"
2018-11-06,"729,558"
2018-11-07,"736,824"
2018-11-08,"727,800"
2018-11-09,"720,000"
2018-11-10,"721,247"
2018-11-11,"722,837"
2018-11-12,"719,645"
2018-11-13,"713,419"
2018-11-14,"649,343"
2018-11-15,"635,263"
2018-11-16,"623,042"
2018-11-17,"623,247"
2018-11-18,"628,964"
2018-11-19,"535,867"
2018-11-20,"493,334"
2018-11-21,"513,389"
2018-11-22,"483,488"
2018-11-23,"485,403"
2018-11-24,"427,001"
2018-11-25,"446,132"
2018-11-26,"425,000"
2018-11-27,"430,120"
2018-11-28,"480,984"
2018-11-29,"482,258"
2018-11-30,"451,333"
2018-12-01,"471,031"
2018-12-02,"466,647"
2018-12-03,"436,430"
2018-12-04,"441,161"
2018-12-05,"418,970"
2018-12-06,"389,259"
2018-12-07,"381,291"
2018-12-08,"383,960"
2018-12-09,"398,070"
2018-12-10,"387,445"
2018-12-11,"380,145"
2018-12-12,"388,669"
2018-12-13,"371,234"
2018-12-14,"362,244"
2018-12-15,"360,451"
2018-12-16,"362,693"
2018-12-17,"394,477"
2018-12-18,"412,597"
2018-12-19,"413,390"
2018-12-20,"453,368"
2018-12-21,"426,956"
2018-12-22,"442,870"
2018-12-23,"438,405"
2018-12-24,"445,237"
2018-12-25,"417,999"
2018-12-26,"424,047"
2018-12-27,"399,400"
2018-12-28,"429,351"
2018-12-29,"413,249"
2018-12-30,"423,421"
2018-12-31,"406,995"
2019-01-01,"419,299"
2019-01-02,"417,760"
2019-01-03,"408,800"
2019-01-04,"414,604"
2019-01-05,"412,408"
2019-01-06,"438,294"
2019-01-07,"434,499"
2019-01-08,"434,938"
2019-01-09,"433,332"
2019-01-10,"393,876"
2019-01-11,"395,305"
2019-01-12,"393,909"
2019-01-13,"381,873"
2019-01-14,"397,000"
2019-01-15,"390,100"
2019-01-16,"394,024"
2019-01-17,"397,252"
2019-01-18,"396,762"
2019-01-19,"404,771"
2019-01-20,"388,607"
2019-01-21,"387,778"
2019-01-22,"391,060"
2019-01-23,"389,000"
2019-01-24,"391,350"
2019-01-25,"389,999"
2019-01-26,"389,483"
2019-01-27,"386,442"
2019-01-28,"374,884"
2019-01-29,"371,160"
2019-01-30,"373,707"
2019-01-31,"370,400"
2019-02-01,"375,637"
2019-02-02,"378,887"
2019-02-03,"373,695"
2019-02-04,"374,521"
2019-02-05,"376,402"
2019-02-06,"369,749"
2019-02-07,"368,506"
2019-02-08,"396,319"
2019-02-09,"395,754"
2019-02-10,"398,468"
2019-02-11,"394,797"
2019-02-12,"395,085"
2019-02-13,"395,099"
2019-02-14,"392,999"
2019-02-15,"393,923"
2019-02-16,"395,229"
2019-02-17,"400,000"
2019-02-18,"427,531"
2019-02-19,"429,982"
2019-02-20,"435,816"
2019-02-21,"432,185"
2019-02-22,"435,789"
2019-02-23,"453,900"
2019-02-24,"413,712"
2019-02-25,"423,575"
2019-02-26,"419,629"
2019-02-27,"421,267"
2019-02-28,"422,865"
2019-03-01,"425,943"
2019-03-02,"426,039"
2019-03-03,"423,661"
2019-03-04,"413,871"
2019-03-05,"429,450"
2019-03-06,"429,848"
2019-03-07,"430,100"
2019-03-08,"427,484"
2019-03-09,"435,287"
2019-03-10,"433,206"
2019-03-11,"428,795"
2019-03-12,"429,580"
2019-03-13,"428,300"
2019-03-14,"430,167"
2019-03-15,"434,178"
2019-03-16,"443,635"
2019-03-17,"441,454"
2019-03-18,"442,176"
2019-03-19,"445,064"
2019-03-20,"445,814"
2019-03-21,"440,825"
2019-03-22,"438,504"
2019-03-23,"438,500"
2019-03-24,"436,971"
2019-03-25,"429,928"
2019-03-26,"433,151"
2019-03-27,"444,477"
2019-03-28,"443,222"
2019-03-29,"452,501"
2019-03-30,"453,000"
2019-03-31,"453,417"
2019-04-01,"460,500"
2019-04-02,"545,469"
2019-04-03,"555,300"
2019-04-04,"548,000"
2019-04-05,"562,532"
2019-04-06,"563,489"
2019-04-07,"579,725"
2019-04-08,"588,520"
2019-04-09,"576,941"
2019-04-10,"591,143"
2019-04-11,"564,000"
2019-04-12,"569,500"
2019-04-13,"568,149"
2019-04-14,"577,520"
2019-04-15,"563,693"
2019-04-16,"582,001"
2019-04-17,"584,418"
2019-04-18,"591,395"
2019-04-19,"591,375"
2019-04-20,"595,646"
2019-04-21,"594,101"
2019-04-22,"603,102"
2019-04-23,"619,737"
2019-04-24,"611,480"
2019-04-25,"579,000"
2019-04-26,"579,700"
2019-04-27,"579,990"
2019-04-28,"579,000"
2019-04-29,"577,863"
2019-04-30,"587,393"
2019-05-01,"593,000"
2019-05-02,"601,458"
2019-05-03,"627,765"
2019-05-04,"640,362"
2019-05-05,"632,870"
2019-05-06,"629,700"
2019-05-07,"635,000"
2019-05-08,"653,899"
2019-05-09,"674,664"
2019-05-10,"698,820"
2019-05-11,"798,000"
2019-05-12,"766,297"
2019-05-13,"855,542"
2019-05-14,"877,000"
2019-05-15,"897,006"
2019-05-16,"867,106"
2019-05-17,"811,041"
2019-05-18,"801,006"
2019-05-19,"899,774"
2019-05-20,"878,650"
2019-05-21,"879,734"
2019-05-22,"844,000"
2019-05-23,"863,494"
2019-05-24,"874,415"
2019-05-25,"883,875"
2019-05-26,"953,475"
2019-05-27,"960,100"
2019-05-28,"952,867"
2019-05-29,"948,273"
2019-05-30,"907,386"
2019-05-31,"928,180"
2019-06-01,"925,022"
2019-06-02,"946,500"
2019-06-03,"879,237"
2019-06-04,"831,424"
2019-06-05,"844,971"
2019-06-06,"846,012"
2019-06-07,"867,670"
2019-06-08,"860,954"
2019-06-09,"833,600"
2019-06-10,"870,015"
2019-06-11,"860,725"
2019-06-12,"886,889"
2019-06-13,"893,750"
2019-06-14,"944,847"
2019-06-15,"959,450"
2019-06-16,"977,299"
2019-06-17,"1,013,696"
2019-06-18,"986,025"
2019-06-19,"1,002,024"
2019-06-20,"1,023,420"
2019-06-21,"1,095,000"
2019-06-22,"1,145,500"
2019-06-23,"1,163,505"
2019-06-24,"1,180,700"
2019-06-25,"1,262,333"
2019-06-26,"1,399,251"
2019-06-27,"1,221,271"
2019-06-28,"1,342,710"
2019-06-29,"1,290,768"
2019-06-30,"1,172,840"
2019-07-01,"1,156,299"
2019-07-02,"1,173,500"
2019-07-03,"1,291,931"
2019-07-04,"1,206,000"
2019-07-05,"1,198,483"
2019-07-06,"1,223,944"
2019-07-07,"1,246,467"
2019-07-08,"1,335,843"
2019-07-09,"1,370,000"
2019-07-10,"1,313,605"
2019-07-11,"1,237,000"
2019-07-12,"1,278,534"
2019-07-13,"1,234,824"
2019-07-14,"1,103,883"
2019-07-15,"1,177,393"
2019-07-16,"1,021,334"
2019-07-17,"1,045,283"
2019-07-18,"1,144,998"
2019-07-19,"1,134,597"
2019-07-20,"1,160,000"
2019-07-21,"1,142,766"
2019-07-22,"1,114,925"
2019-07-23,"1,067,523"
2019-07-24,"1,056,426"
2019-07-25,"1,073,176"
2019-07-26,"1,070,599"
2019-07-27,"1,031,500"
2019-07-28,"1,036,120"
2019-07-29,"1,035,395"
2019-07-30,"1,041,900"
2019-07-31,"1,099,269"
2019-08-01,"1,118,400"
2019-08-02,"1,123,000"
2019-08-03,"1,153,754"
2019-08-04,"1,170,258"
2019-08-05,"1,246,972"
2019-08-06,"1,220,262"
2019-08-07,"1,269,227"
2019-08-08,"1,267,904"
2019-08-09,"1,253,947"
2019-08-10,"1,192,882"
2019-08-11,"1,217,696"
2019-08-12,"1,199,458"
2019-08-13,"1,158,871"
2019-08-14,"1,063,000"
2019-08-15,"1,095,055"
2019-08-16,"1,100,020"
2019-08-17,"1,088,953"
2019-08-18,"1,098,880"
2019-08-19,"1,164,274"
2019-08-20,"1,142,357"
2019-08-21,"1,080,771"
2019-08-22,"1,076,343"
2019-08-23,"1,097,352"
2019-08-24,"1,069,511"
2019-08-25,"1,062,294"
2019-08-26,"1,097,674"
2019-08-27,"1,075,910"
2019-08-28,"1,032,192"
2019-08-29,"1,011,000"
2019-08-30,"1,018,178"
2019-08-31,"1,020,001"
2019-09-01,"1,036,267"
2019-09-02,"1,102,000"
2019-09-03,"1,123,856"
2019-09-04,"1,124,541"
2019-09-05,"1,131,641"
2019-09-06,"1,103,530"
2019-09-07,"1,121,490"
2019-09-08,"1,112,171"
2019-09-09,"1,106,945"
2019-09-10,"1,086,657"
2019-09-11,"1,095,555"
2019-09-12,"1,126,914"
2019-09-13,"1,119,558"
2019-09-14,"1,118,737"
2019-09-15,"1,111,526"
2019-09-16,"1,108,663"
2019-09-17,"1,101,600"
2019-09-18,"1,100,344"
2019-09-19,"1,108,999"
2019-09-20,"1,093,999"
2019-09-21,"1,074,107"
2019-09-22,"1,081,500"
2019-09-23,"1,043,745"
2019-09-24,"918,451"
2019-09-25,"910,557"
2019-09-26,"869,605"
2019-09-27,"886,900"
2019-09-28,"887,254"
2019-09-29,"869,799"
2019-09-30,"897,247"
2019-10-01,"896,699"
2019-10-02,"899,088"
2019-10-03,"881,977"
2019-10-04,"873,171"
2019-10-05,"872,594"
2019-10-06,"841,354"
2019-10-07,"879,300"
2019-10-08,"874,804"
2019-10-09,"919,414"
2019-10-10,"926,444"
2019-10-11,"898,149"
2019-10-12,"901,833"
2019-10-13,"899,998"
2019-10-14,"905,500"
2019-10-15,"887,464"
2019-10-16,"869,340"
2019-10-17,"877,000"
2019-10-18,"862,890"
2019-10-19,"863,000"
2019-10-20,"891,400"
2019-10-21,"891,947"
2019-10-22,"870,050"
2019-10-23,"812,309"
2019-10-24,"807,310"
2019-10-25,"940,000"
2019-10-26,"1,002,159"
2019-10-27,"1,037,500"
2019-10-28,"1,003,920"
2019-10-29,"1,025,514"
2019-10-30,"997,247"
2019-10-31,"988,920"
2019-11-01,"999,769"
2019-11-02,"1,006,460"
2019-11-03,"996,034"
2019-11-04,"1,021,915"
2019-11-05,"1,015,450"
2019-11-06,"1,015,935"
2019-11-07,"1,006,170"
2019-11-08,"957,397"
2019-11-09,"962,771"
2019-11-10,"986,500"
2019-11-11,"950,719"
2019-11-12,"960,000"
2019-11-13,"953,321"
2019-11-14,"936,240"
2019-11-15,"921,483"
2019-11-16,"923,400"
2019-11-17,"925,304"
2019-11-18,"888,914"
2019-11-19,"880,856"
2019-11-20,"876,921"
2019-11-21,"827,661"
2019-11-22,"791,420"
2019-11-23,"796,490"
2019-11-24,"752,676"
2019-11-25,"776,240"
2019-11-26,"781,873"
2019-11-27,"822,380"
2019-11-28,"814,000"
2019-11-29,"849,890"
2019-11-30,"827,393"
2019-12-01,"811,428"
2019-12-02,"796,925"
2019-12-03,"792,786"
2019-12-04,"784,410"
2019-12-05,"803,858"
2019-12-06,"818,480"
2019-12-07,"814,301"
2019-12-08,"816,707"
2019-12-09,"797,959"
2019-12-10,"785,869"
2019-12-11,"782,164"
2019-12-12,"786,190"
2019-12-13,"792,353"
2019-12-14,"773,304"
2019-12-15,"777,016"
2019-12-16,"754,693"
2019-12-17,"724,800"
2019-12-18,"798,000"
2019-12-19,"779,042"
2019-12-20,"786,600"
2019-12-21,"781,592"
2019-12-22,"821,550"
2019-12-23,"800,320"
2019-12-24,"793,410"
2019-12-25,"787,145"
2019-12-26,"788,330"
2019-12-27,"792,233"
2019-12-28,"799,490"
2019-12-29,"807,988"
2019-12-30,"787,115"
2019-12-31,"779,450"
2020-01-01,"780,490"
2020-01-02,"754,800"
2020-01-03,"792,650"
2020-01-04,"794,060"
2020-01-05,"793,632"
2020-01-06,"841,539"
2020-01-07,"883,413"
2020-01-08,"877,290"
2020-01-09,"854,944"
2020-01-10,"895,000"
2020-01-11,"875,808"
2020-01-12,"892,350"
2020-01-13,"887,538"
2020-01-14,"965,570"
2020-01-15,"964,324"
2020-01-16,"958,730"
2020-01-17,"980,172"
2020-01-18,"981,000"
2020-01-19,"957,977"
2020-01-20,"950,811"
2020-01-21,"957,629"
2020-01-22,"950,633"
2020-01-23,"918,822"
2020-01-24,"921,808"
2020-01-25,"911,012"
2020-01-26,"935,530"
2020-01-27,"969,060"
2020-01-28,"1,022,498"
2020-01-29,"1,011,955"
2020-01-30,"1,031,610"
2020-01-31,"1,013,000"
2020-02-01,"1,015,630"
2020-02-02,"1,010,417"
2020-02-03,"1,008,555"
2020-02-04,"1,003,300"
2020-02-05,"1,053,671"
2020-02-06,"1,070,900"
2020-02-07,"1,076,391"
2020-02-08,"1,086,240"
2020-02-09,"1,110,975"
2020-02-10,"1,081,510"
2020-02-11,"1,123,524"
2020-02-12,"1,136,950"
2020-02-13,"1,124,591"
2020-02-14,"1,137,555"
2020-02-15,"1,087,798"
2020-02-16,"1,091,898"
2020-02-17,"1,066,553"
2020-02-18,"1,118,700"
2020-02-19,"1,068,393"
2020-02-20,"1,076,399"
2020-02-21,"1,082,615"
2020-02-22,"1,078,573"
2020-02-23,"1,111,020"
2020-02-24,"1,071,701"
2020-02-25,"1,027,477"
2020-02-26,"969,750"
2020-02-27,"965,988"
2020-02-28,"941,169"
2020-02-29,"923,474"
2020-03-01,"921,118"
2020-03-02,"968,732"
2020-03-03,"938,769"
2020-03-04,"944,324"
2020-03-05,"963,345"
2020-03-06,"966,010"
2020-03-07,"940,979"
2020-03-08,"837,969"
2020-03-09,"820,200"
2020-03-10,"830,836"
2020-03-11,"832,286"
2020-03-12,"518,523"
2020-03-13,"616,477"
2020-03-14,"565,780"
2020-03-15,"582,228"
2020-03-16,"547,089"
2020-03-17,"579,625"
2020-03-18,"588,404"
2020-03-19,"692,529"
2020-03-20,"690,420"
2020-03-21,"688,958"
2020-03-22,"647,420"
2020-03-23,"719,500"
2020-03-24,"752,500"
2020-03-25,"741,720"
2020-03-26,"737,681"
2020-03-27,"690,539"
2020-03-28,"677,000"
2020-03-29,"634,000"
2020-03-30,"692,530"
2020-03-31,"691,824"
2020-04-01,"714,987"
2020-04-02,"735,176"
2020-04-03,"732,900"
2020-04-04,"746,176"
2020-04-05,"737,468"
2020-04-06,"801,357"
2020-04-07,"784,414"
2020-04-08,"803,139"
2020-04-09,"793,267"
2020-04-10,"747,000"
2020-04-11,"749,585"
2020-04-12,"751,793"
2020-04-13,"739,407"
2020-04-14,"738,259"
2020-04-15,"713,824"
2020-04-16,"768,443"
2020-04-17,"757,992"
2020-04-18,"781,254"
2020-04-19,"768,200"
2020-04-20,"738,350"
2020-04-21,"740,881"
2020-04-22,"770,246"
2020-04-23,"805,000"
2020-04-24,"808,353"
2020-04-25,"813,203"
2020-04-26,"828,532"
2020-04-27,"836,503"
2020-04-28,"829,452"
2020-04-29,"937,577"
2020-04-30,"926,749"
2020-05-01,"946,207"
2020-05-02,"962,121"
2020-05-03,"952,856"
2020-05-04,"949,894"
2020-05-05,"962,100"
2020-05-06,"973,484"
2020-05-07,"1,065,810"
2020-05-08,"1,048,000"
2020-05-09,"1,017,000"
2020-05-10,"934,350"
2020-05-11,"922,489"
2020-05-12,"945,875"
2020-05-13,"997,533"
2020-05-14,"1,051,000"
2020-05-15,"996,901"
2020-05-16,"1,005,016"
2020-05-17,"1,037,658"
2020-05-18,"1,044,362"
2020-05-19,"1,053,361"
2020-05-20,"1,025,000"
2020-05-21,"977,238"
2020-05-22,"988,518"
2020-05-23,"988,442"
2020-05-24,"941,327"
2020-05-25,"960,276"
2020-05-26,"951,651"
2020-05-27,"992,287"
2020-05-28,"1,031,382"
2020-05-29,"1,016,000"
2020-05-30,"1,044,453"
2020-05-31,"1,017,920"
2020-06-01,"1,096,827"
2020-06-02,"1,036,567"
2020-06-03,"1,054,000"
2020-06-04,"1,068,556"
2020-06-05,"1,055,001"
2020-06-06,"1,060,890"
2020-06-07,"1,068,671"
2020-06-08,"1,061,999"
2020-06-09,"1,055,000"
2020-06-10,"1,058,435"
2020-06-11,"991,979"
2020-06-12,"1,019,130"
2020-06-13,"1,018,635"
2020-06-14,"1,002,600"
2020-06-15,"1,014,726"
2020-06-16,"1,023,100"
2020-06-17,"1,012,444"
2020-06-18,"1,004,324"
2020-06-19,"996,198"
2020-06-20,"1,001,500"
2020-06-21,"993,100"
2020-06-22,"1,035,188"
2020-06-23,"1,024,910"
2020-06-24,"996,110"
2020-06-25,"991,379"
2020-06-26,"983,990"
2020-06-27,"969,100"
2020-06-28,"978,725"
2020-06-29,"989,867"
2020-06-30,"987,501"
2020-07-01,"992,614"
2020-07-02,"979,088"
2020-07-03,"976,000"
2020-07-04,"983,699"
2020-07-05,"977,116"
2020-07-06,"1,003,670"
2020-07-07,"996,689"
2020-07-08,"1,012,852"
2020-07-09,"991,400"
2020-07-10,"993,856"
2020-07-11,"988,877"
2020-07-12,"994,403"
2020-07-13,"991,999"
2020-07-14,"992,629"
2020-07-15,"984,953"
2020-07-16,"981,001"
2020-07-17,"981,400"
2020-07-18,"983,008"
2020-07-19,"987,320"
2020-07-20,"983,258"
2020-07-21,"1,003,851"
2020-07-22,"1,021,745"
2020-07-23,"1,027,000"
2020-07-24,"1,014,790"
2020-07-25,"1,030,800"
2020-07-26,"1,052,800"
2020-07-27,"1,161,005"
2020-07-28,"1,148,483"
2020-07-29,"1,167,267"
2020-07-30,"1,162,795"
2020-07-31,"1,201,369"
2020-08-01,"1,253,271"
2020-08-02,"1,174,208"
2020-08-03,"1,192,787"
2020-08-04,"1,184,018"
2020-08-05,"1,241,698"
2020-08-06,"1,244,183"
2020-08-07,"1,232,000"
2020-08-08,"1,248,210"
2020-08-09,"1,238,888"
2020-08-10,"1,261,304"
2020-08-11,"1,216,669"
2020-08-12,"1,237,245"
2020-08-13,"1,260,576"
2020-08-14,"1,256,372"
2020-08-15,"1,264,963"
2020-08-16,"1,269,993"
2020-08-17,"1,305,300"
2020-08-18,"1,261,745"
2020-08-19,"1,249,355"
2020-08-20,"1,254,681"
2020-08-21,"1,222,031"
2020-08-22,"1,237,485"
2020-08-23,"1,235,514"
2020-08-24,"1,246,899"
2020-08-25,"1,208,500"
2020-08-26,"1,216,528"
2020-08-27,"1,209,211"
2020-08-28,"1,215,522"
2020-08-29,"1,213,351"
2020-08-30,"1,237,375"
2020-08-31,"1,238,000"
2020-09-01,"1,264,036"
2020-09-02,"1,214,808"
2020-09-03,"1,080,764"
2020-09-04,"1,116,228"
2020-09-05,"1,081,637"
2020-09-06,"1,093,172"
2020-09-07,"1,104,509"
2020-09-08,"1,074,006"
2020-09-09,"1,087,081"
2020-09-10,"1,099,446"
2020-09-11,"1,103,947"
2020-09-12,"1,110,235"
2020-09-13,"1,098,495"
2020-09-14,"1,129,458"
2020-09-15,"1,138,456"
2020-09-16,"1,152,172"
2020-09-17,"1,147,388"
2020-09-18,"1,144,683"
2020-09-19,"1,159,267"
2020-09-20,"1,142,239"
2020-09-21,"1,091,082"
2020-09-22,"1,106,570"
2020-09-23,"1,078,788"
2020-09-24,"1,132,018"
2020-09-25,"1,129,490"
2020-09-26,"1,134,774"
2020-09-27,"1,138,923"
2020-09-28,"1,128,478"
2020-09-29,"1,146,293"
2020-09-30,"1,137,292"
2020-10-01,"1,122,000"
2020-10-02,"1,114,512"
2020-10-03,"1,112,500"
2020-10-04,"1,127,500"
2020-10-05,"1,141,000"
2020-10-06,"1,121,836"
2020-10-07,"1,131,100"
2020-10-08,"1,157,278"
2020-10-09,"1,168,819"
2020-10-10,"1,193,168"
2020-10-11,"1,200,341"
2020-10-12,"1,215,729"
2020-10-13,"1,204,407"
2020-10-14,"1,200,316"
2020-10-15,"1,212,122"
2020-10-16,"1,194,529"
2020-10-17,"1,197,535"
2020-10-18,"1,213,557"
2020-10-19,"1,237,405"
2020-10-20,"1,256,584"
2020-10-21,"1,340,410"
2020-10-22,"1,357,938"
2020-10-23,"1,354,399"
2020-10-24,"1,371,544"
2020-10-25,"1,364,513"
2020-10-26,"1,369,830"
2020-10-27,"1,425,690"
2020-10-28,"1,387,544"
2020-10-29,"1,406,387"
2020-10-30,"1,419,400"
2020-10-31,"1,444,796"
2020-11-01,"1,440,440"
2020-11-02,"1,420,894"
2020-11-03,"1,464,000"
2020-11-04,"1,477,239"
2020-11-05,"1,618,413"
2020-11-06,"1,610,001"
2020-11-07,"1,533,211"
2020-11-08,"1,598,834"
2020-11-09,"1,611,570"
2020-11-10,"1,610,899"
2020-11-11,"1,654,168"
2020-11-12,"1,712,447"
2020-11-13,"1,709,518"
2020-11-14,"1,685,924"
2020-11-15,"1,672,023"
2020-11-16,"1,747,522"
2020-11-17,"1,841,189"
2020-11-18,"1,848,331"
2020-11-19,"1,849,940"
2020-11-20,"1,939,507"
2020-11-21,"1,945,098"
2020-11-22,"1,912,616"
2020-11-23,"1,914,938"
2020-11-24,"1,960,390"
2020-11-25,"1,952,334"
2020-11-26,"1,788,077"
2020-11-27,"1,784,100"
2020-11-28,"1,846,869"
2020-11-29,"1,893,175"
2020-11-30,"2,045,665"
2020-12-01,"1,960,119"
2020-12-02,"2,005,987"
2020-12-03,"2,018,000"
2020-12-04,"1,947,001"
2020-12-05,"1,995,555"
2020-12-06,"2,017,360"
2020-12-07,"1,997,150"
2020-12-08,"1,911,000"
2020-12-09,"1,936,500"
2020-12-10,"1,899,694"
2020-12-11,"1,875,668"
2020-12-12,"1,957,880"
2020-12-13,"1,988,187"
2020-12-14,"1,999,890"
2020-12-15,"2,011,544"
2020-12-16,"2,205,000"
2020-12-17,"2,347,031"
2020-12-18,"2,384,389"
2020-12-19,"2,463,470"
2020-12-20,"2,431,406"
2020-12-21,"2,351,534"
2020-12-22,"2,463,800"
2020-12-23,"2,404,487"
2020-12-24,"2,456,106"
2020-12-25,"2,550,404"
2020-12-26,"2,744,500"
2020-12-27,"2,720,240"
2020-12-28,"2,805,000"
2020-12-29,"2,827,954"
2020-12-30,"2,958,167"
2020-12-31,"2,968,795"
2021-01-01,"3,010,800"
2021-01-02,"3,317,996"
2021-01-03,"3,408,276"
2021-01-04,"3,292,693"
2021-01-05,"3,470,021"
2021-01-06,"3,794,965"
2021-01-07,"4,101,108"
2021-01-08,"4,225,304"
2021-01-09,"4,186,509"
2021-01-10,"3,979,170"
2021-01-11,"3,694,473"
2021-01-12,"3,530,466"
2021-01-13,"3,882,383"
2021-01-14,"4,063,030"
2021-01-15,"3,818,830"
2021-01-16,"3,742,517"
2021-01-17,"3,718,340"
2021-01-18,"3,800,000"
2021-01-19,"3,736,570"
2021-01-20,"3,684,869"
2021-01-21,"3,184,433"
2021-01-22,"3,423,812"
2021-01-23,"3,332,124"
2021-01-24,"3,350,424"
2021-01-25,"3,353,886"
2021-01-26,"3,363,982"
2021-01-27,"3,169,444"
2021-01-28,"3,479,050"
2021-01-29,"3,576,069"
2021-01-30,"3,579,626"
2021-01-31,"3,456,656"
2021-02-01,"3,486,653"
2021-02-02,"3,710,745"
2021-02-03,"3,933,826"
2021-02-04,"3,866,243"
2021-02-05,"4,036,257"
2021-02-06,"4,131,000"
2021-02-07,"4,092,086"
2021-02-08,"4,875,000"
2021-02-09,"4,874,233"
2021-02-10,"4,702,444"
2021-02-11,"5,015,560"
2021-02-12,"4,973,709"
2021-02-13,"4,954,980"
2021-02-14,"5,111,984"
2021-02-15,"5,055,269"
2021-02-16,"5,207,275"
2021-02-17,"5,526,975"
2021-02-18,"5,456,000"
2021-02-19,"5,911,243"
2021-02-20,"5,916,593"
2021-02-21,"6,079,938"
2021-02-22,"5,687,123"
2021-02-23,"5,176,658"
2021-02-24,"5,278,563"
2021-02-25,"5,024,202"
2021-02-26,"4,941,439"
2021-02-27,"4,928,833"
2021-02-28,"4,820,000"
2021-03-01,"5,308,636"
2021-03-02,"5,179,561"
2021-03-03,"5,403,023"
2021-03-04,"5,223,621"
2021-03-05,"5,288,600"
2021-03-06,"5,285,300"
2021-03-07,"5,506,516"
2021-03-08,"5,672,908"
2021-03-09,"5,944,000"
2021-03-10,"6,043,320"
2021-03-11,"6,275,454"
2021-03-12,"6,230,001"
2021-03-13,"6,680,000"
2021-03-14,"6,436,535"
2021-03-15,"6,087,726"
2021-03-16,"6,199,369"
2021-03-17,"6,411,592"
2021-03-18,"6,282,060"
2021-03-19,"6,327,712"
2021-03-20,"6,333,656"
2021-03-21,"6,253,848"
2021-03-22,"5,894,455"
2021-03-23,"5,910,200"
2021-03-24,"5,701,302"
2021-03-25,"5,609,843"
2021-03-26,"6,042,500"
2021-03-27,"6,125,000"
2021-03-28,"6,123,773"
2021-03-29,"6,323,324"
2021-03-30,"6,470,044"
2021-03-31,"6,508,304"
2021-04-01,"6,496,500"
2021-04-02,"6,539,265"
2021-04-03,"6,345,350"
2021-04-04,"6,448,651"
2021-04-05,"6,509,447"
2021-04-06,"6,376,618"
2021-04-07,"6,172,602"
2021-04-08,"6,356,405"
2021-04-09,"6,380,272"
2021-04-10,"6,556,004"
2021-04-11,"6,578,585"
2021-04-12,"6,567,250"
2021-04-13,"6,925,000"
2021-04-14,"6,877,778"
2021-04-15,"6,880,000"
2021-04-16,"6,707,828"
2021-04-17,"6,567,503"
2021-04-18,"6,183,588"
2021-04-19,"6,023,463"
2021-04-20,"6,113,757"
2021-04-21,"5,825,183"
2021-04-22,"5,575,270"
2021-04-23,"5,532,234"
2021-04-24,"5,401,874"
2021-04-25,"5,297,648"
2021-04-26,"5,856,666"
2021-04-27,"5,994,000"
2021-04-28,"5,958,710"
2021-04-29,"5,843,493"
2021-04-30,"6,320,000"
2021-05-01,"6,333,500"
2021-05-02,"6,201,631"
2021-05-03,"6,257,167"
2021-05-04,"5,840,000"
2021-05-05,"6,282,003"
2021-05-06,"6,162,985"
2021-05-07,"6,235,370"
2021-05-08,"6,398,654"
2021-05-09,"6,335,150"
2021-05-10,"6,091,288"
2021-05-11,"6,171,417"
2021-05-12,"5,465,663"
2021-05-13,"5,448,830"
2021-05-14,"5,467,820"
2021-05-15,"5,119,637"
2021-05-16,"5,087,808"
2021-05-17,"4,759,999"
2021-05-18,"4,678,949"
2021-05-19,"4,026,138"
2021-05-20,"4,441,300"
2021-05-21,"4,082,988"
2021-05-22,"4,092,900"
2021-05-23,"3,783,661"
2021-05-24,"4,234,327"
2021-05-25,"4,180,751"
2021-05-26,"4,297,698"
2021-05-27,"4,236,850"
2021-05-28,"3,930,002"
2021-05-29,"3,822,069"
2021-05-30,"3,920,605"
2021-05-31,"4,083,455"
2021-06-01,"4,021,000"
2021-06-02,"4,120,176"
2021-06-03,"4,327,000"
2021-06-04,"4,044,706"
2021-06-05,"3,899,450"
2021-06-06,"3,928,699"
2021-06-07,"3,677,468"
2021-06-08,"3,654,700"
2021-06-09,"4,101,256"
2021-06-10,"4,016,156"
2021-06-11,"4,094,685"
2021-06-12,"3,902,996"
2021-06-13,"4,278,249"
2021-06-14,"4,457,873"
2021-06-15,"4,423,174"
2021-06-16,"4,255,054"
2021-06-17,"4,204,003"
2021-06-18,"3,958,669"
2021-06-19,"3,917,150"
2021-06-20,"3,919,723"
2021-06-21,"3,490,846"
2021-06-22,"3,596,647"
2021-06-23,"3,740,959"
2021-06-24,"3,844,100"
2021-06-25,"3,505,346"
2021-06-26,"3,586,652"
2021-06-27,"3,840,830"
2021-06-28,"3,813,979"
2021-06-29,"3,968,198"
2021-06-30,"3,900,000"
2021-07-01,"3,741,328"
2021-07-02,"3,754,712"
2021-07-03,"3,854,321"
2021-07-04,"3,921,388"
2021-07-05,"3,739,033"
2021-07-06,"3,780,000"
2021-07-07,"3,751,927"
2021-07-08,"3,583,193"
2021-07-09,"3,723,920"
2021-07-10,"3,692,116"
2021-07-11,"3,772,000"
2021-07-12,"3,656,342"
2021-07-13,"3,619,789"
2021-07-14,"3,609,660"
2021-07-15,"3,503,330"
2021-07-16,"3,459,141"
2021-07-17,"3,474,367"
2021-07-18,"3,494,352"
2021-07-19,"3,380,579"
2021-07-20,"3,276,000"
2021-07-21,"3,542,668"
2021-07-22,"3,555,000"
2021-07-23,"3,720,011"
2021-07-24,"3,740,000"
2021-07-25,"3,897,751"
2021-07-26,"4,099,000"
2021-07-27,"4,333,864"
2021-07-28,"4,396,326"
2021-07-29,"4,377,710"
2021-07-30,"4,627,607"
2021-07-31,"4,546,388"
2021-08-01,"4,378,000"
2021-08-02,"4,281,000"
2021-08-03,"4,165,429"
2021-08-04,"4,350,000"
2021-08-05,"4,485,000"
2021-08-06,"4,708,477"
2021-08-07,"4,911,625"
2021-08-08,"4,834,501"
2021-08-09,"5,100,244"
2021-08-10,"5,038,669"
2021-08-11,"5,031,705"
2021-08-12,"4,903,825"
2021-08-13,"5,234,999"
2021-08-14,"5,163,907"
2021-08-15,"5,143,330"
2021-08-16,"5,019,039"
2021-08-17,"4,895,017"
2021-08-18,"4,913,000"
2021-08-19,"5,127,834"
2021-08-20,"5,386,824"
2021-08-21,"5,358,003"
2021-08-22,"5,389,358"
2021-08-23,"5,428,951"
2021-08-24,"5,241,647"
2021-08-25,"5,383,889"
2021-08-26,"5,157,976"
2021-08-27,"5,377,352"
2021-08-28,"5,352,931"
2021-08-29,"5,314,447"
2021-08-30,"5,157,915"
2021-08-31,"5,180,461"
2021-09-01,"5,370,667"
2021-09-02,"5,412,000"
2021-09-03,"5,488,567"
2021-09-04,"5,480,003"
2021-09-05,"5,661,974"
2021-09-06,"5,785,000"
2021-09-07,"5,177,076"
2021-09-08,"5,080,007"
2021-09-09,"5,094,996"
2021-09-10,"4,935,382"
2021-09-11,"4,970,421"
2021-09-12,"5,060,487"
2021-09-13,"4,944,019"
2021-09-14,"5,170,158"
2021-09-15,"5,269,514"
2021-09-16,"5,238,769"
2021-09-17,"5,200,215"
2021-09-18,"5,309,564"
2021-09-19,"5,199,215"
2021-09-20,"4,708,805"
2021-09-21,"4,443,155"
2021-09-22,"4,788,586"
2021-09-23,"4,955,000"
2021-09-24,"4,745,957"
2021-09-25,"4,730,000"
2021-09-26,"4,789,654"
2021-09-27,"4,682,099"
2021-09-28,"4,579,191"
2021-09-29,"4,651,215"
2021-09-30,"4,878,202"
2021-10-01,"5,348,191"
2021-10-02,"5,290,268"
2021-10-03,"5,352,884"
2021-10-04,"5,453,102"
2021-10-05,"5,732,959"
2021-10-06,"6,161,731"
2021-10-07,"6,001,452"
2021-10-08,"6,060,792"
2021-10-09,"6,164,000"
2021-10-10,"6,145,272"
2021-10-11,"6,515,000"
2021-10-12,"6,356,779"
2021-10-13,"6,489,795"
2021-10-14,"6,523,400"
2021-10-15,"7,040,846"
2021-10-16,"6,943,502"
2021-10-17,"7,027,457"
2021-10-18,"7,075,066"
2021-10-19,"7,364,000"
2021-10-20,"7,554,774"
2021-10-21,"7,080,185"
2021-10-22,"6,895,333"
2021-10-23,"6,959,294"
2021-10-24,"6,918,403"
2021-10-25,"7,178,427"
2021-10-26,"6,891,979"
2021-10-27,"6,656,683"
2021-10-28,"6,883,415"
2021-10-29,"7,098,467"
2021-10-30,"7,056,438"
2021-10-31,"7,014,554"
2021-11-01,"6,952,339"
2021-11-02,"7,208,405"
2021-11-03,"7,170,190"
2021-11-04,"6,994,236"
2021-11-05,"6,933,000"
2021-11-06,"6,984,000"
2021-11-07,"7,176,000"
2021-11-08,"7,645,000"
2021-11-09,"7,561,725"
2021-11-10,"7,398,000"
2021-11-11,"7,399,876"
2021-11-12,"7,303,811"
2021-11-13,"7,345,075"
2021-11-14,"7,464,023"
2021-11-15,"7,275,045"
2021-11-16,"6,916,993"
2021-11-17,"6,898,760"
2021-11-18,"6,506,871"
2021-11-19,"6,628,505"
2021-11-20,"6,814,224"
2021-11-21,"6,704,801"
2021-11-22,"6,462,030"
2021-11-23,"6,634,996"
2021-11-24,"6,597,510"
2021-11-25,"6,785,379"
2021-11-26,"6,105,810"
2021-11-27,"6,218,028"
2021-11-28,"6,520,466"
2021-11-29,"6,582,982"
2021-11-30,"6,457,586"
2021-12-01,"6,468,000"
2021-12-02,"6,395,063"
2021-12-03,"6,085,192"
2021-12-04,"5,565,198"
2021-12-05,"5,592,857"
2021-12-06,"5,740,000"
2021-12-07,"5,748,085"
2021-12-08,"5,742,250"
2021-12-09,"5,405,886"
2021-12-10,"5,356,514"
2021-12-11,"5,599,377"
2021-12-12,"5,692,461"
2021-12-13,"5,311,515"
2021-12-14,"5,498,520"
2021-12-15,"5,575,096"
2021-12-16,"5,413,000"
2021-12-17,"5,252,765"
2021-12-18,"5,333,119"
2021-12-19,"5,308,906"
2021-12-20,"5,329,099"
2021-12-21,"5,579,913"
2021-12-22,"5,552,609"
2021-12-23,"5,808,562"
2021-12-24,"5,817,441"
2021-12-25,"5,768,595"
2021-12-26,"5,805,338"
2021-12-27,"5,820,883"
2021-12-28,"5,456,831"
2021-12-29,"5,343,060"
2021-12-30,"5,425,747"
2021-12-31,"5,325,242"
2022-01-01,"5,495,000"
2022-01-02,"5,449,625"
2022-01-03,"5,358,524"
2022-01-04,"5,328,098"
2022-01-05,"5,048,182"
2022-01-06,"4,998,900"
2022-01-07,"4,807,016"
2022-01-08,"4,823,412"
2022-01-09,"4,844,534"
2022-01-10,"4,824,475"
2022-01-11,"4,933,686"
2022-01-12,"5,044,043"
2022-01-13,"4,862,046"
2022-01-14,"4,922,738"
2022-01-15,"4,926,803"
2022-01-16,"4,929,153"
2022-01-17,"4,839,249"
2022-01-18,"4,853,936"
2022-01-19,"4,770,212"
2022-01-20,"4,639,894"
2022-01-21,"4,148,838"
2022-01-22,"3,990,005"
2022-01-23,"4,128,789"
2022-01-24,"4,185,000"
2022-01-25,"4,214,180"
2022-01-26,"4,229,766"
2022-01-27,"4,292,436"
2022-01-28,"4,346,669"
2022-01-29,"4,403,373"
2022-01-30,"4,374,133"
2022-01-31,"4,432,335"
2022-02-01,"4,443,671"
2022-02-02,"4,223,411"
2022-02-03,"4,291,293"
2022-02-04,"4,790,000"
2022-02-05,"4,773,827"
2022-02-06,"4,887,930"
2022-02-07,"5,050,001"
2022-02-08,"5,095,904"
2022-02-09,"5,132,628"
2022-02-10,"5,054,853"
2022-02-11,"4,891,511"
2022-02-12,"4,879,636"
2022-02-13,"4,867,892"
2022-02-14,"4,919,826"
2022-02-15,"5,154,017"
2022-02-16,"5,066,235"
2022-02-17,"4,657,141"
2022-02-18,"4,606,074"
2022-02-19,"4,617,713"
2022-02-20,"4,414,087"
2022-02-21,"4,245,285"
2022-02-22,"4,405,370"
2022-02-23,"4,283,443"
2022-02-24,"4,432,578"
2022-02-25,"4,532,137"
2022-02-26,"4,523,999"
2022-02-27,"4,357,255"
2022-02-28,"4,971,301"
2022-03-01,"5,104,356"
2022-03-02,"5,075,614"
2022-03-03,"4,906,652"
2022-03-04,"4,504,751"
2022-03-05,"4,531,796"
2022-03-06,"4,421,060"
2022-03-07,"4,390,272"
2022-03-08,"4,485,235"
2022-03-09,"4,862,323"
2022-03-10,"4,584,098"
2022-03-11,"4,543,814"
2022-03-12,"4,552,679"
2022-03-13,"4,446,469"
2022-03-14,"4,688,164"
2022-03-15,"4,645,941"
2022-03-16,"4,887,411"
2022-03-17,"4,850,262"
2022-03-18,"4,975,235"
2022-03-19,"5,029,838"
2022-03-20,"4,924,073"
2022-03-21,"4,905,627"
2022-03-22,"5,135,045"
2022-03-23,"5,192,533"
2022-03-24,"5,382,461"
2022-03-25,"5,414,668"
2022-03-26,"5,436,112"
2022-03-27,"5,724,823"
2022-03-28,"5,821,658"
2022-03-29,"5,842,088"
2022-03-30,"5,738,529"
2022-03-31,"5,540,000"
2022-04-01,"5,674,997"
2022-04-02,"5,615,109"
2022-04-03,"5,693,890"
2022-04-04,"5,720,000"
2022-04-05,"5,630,025"
2022-04-06,"5,345,255"
2022-04-07,"5,397,922"
2022-04-08,"5,257,774"
2022-04-09,"5,319,300"
2022-04-10,"5,247,739"
2022-04-11,"4,960,897"
2022-04-12,"5,029,088"
2022-04-13,"5,159,821"
2022-04-14,"5,043,000"
2022-04-15,"5,133,258"
2022-04-16,"5,111,569"
2022-04-17,"5,027,866"
2022-04-18,"5,185,662"
2022-04-19,"5,365,371"
2022-04-20,"5,297,305"
2022-04-21,"5,203,080"
2022-04-22,"5,110,008"
2022-04-23,"5,072,742"
2022-04-24,"5,075,600"
2022-04-25,"5,166,670"
2022-04-26,"4,856,122"
2022-04-27,"5,041,282"
2022-04-28,"5,196,977"
2022-04-29,"5,013,086"
2022-04-30,"4,889,956"
2022-05-01,"5,000,401"
2022-05-02,"5,013,597"
2022-05-03,"4,912,827"
2022-05-04,"5,126,510"
2022-05-05,"4,774,492"
2022-05-06,"4,707,124"
2022-05-07,"4,633,426"
2022-05-08,"4,452,629"
2022-05-09,"3,930,157"
2022-05-10,"4,050,648"
2022-05-11,"3,767,372"
2022-05-12,"3,730,335"
2022-05-13,"3,780,782"
2022-05-14,"3,884,639"
2022-05-15,"4,051,702"
2022-05-16,"3,846,621"
2022-05-17,"3,939,033"
2022-05-18,"3,666,628"
2022-05-19,"3,874,998"
2022-05-20,"3,732,754"
2022-05-21,"3,762,852"
2022-05-22,"3,871,138"
2022-05-23,"3,723,114"
2022-05-24,"3,757,205"
2022-05-25,"3,751,496"
2022-05-26,"3,709,973"
2022-05-27,"3,636,753"
2022-05-28,"3,688,235"
2022-05-29,"3,747,454"
2022-05-30,"4,051,397"
2022-05-31,"4,090,869"
2022-06-01,"3,875,105"
2022-06-02,"3,955,681"
2022-06-03,"3,885,999"
2022-06-04,"3,904,501"
2022-06-05,"3,908,524"
2022-06-06,"4,143,000"
2022-06-07,"4,128,468"
2022-06-08,"4,057,150"
2022-06-09,"4,044,534"
2022-06-10,"3,909,892"
2022-06-11,"3,816,527"
2022-06-12,"3,582,369"
2022-06-13,"3,022,450"
2022-06-14,"2,993,222"
2022-06-15,"3,028,131"
2022-06-16,"2,699,210"
2022-06-17,"2,760,047"
2022-06-18,"2,557,404"
2022-06-19,"2,781,391"
2022-06-20,"2,776,542"
2022-06-21,"2,825,420"
2022-06-22,"2,717,974"
2022-06-23,"2,841,759"
2022-06-24,"2,869,229"
2022-06-25,"2,905,004"
2022-06-26,"2,842,692"
2022-06-27,"2,807,387"
2022-06-28,"2,756,864"
2022-06-29,"2,745,502"
2022-06-30,"2,707,746"
2022-07-01,"2,606,426"
2022-07-02,"2,600,900"
2022-07-03,"2,606,656"
2022-07-04,"2,744,174"
2022-07-05,"2,731,520"
2022-07-06,"2,792,717"
2022-07-07,"2,935,584"
2022-07-08,"2,939,209"
2022-07-09,"2,936,574"
2022-07-10,"2,841,968"
2022-07-11,"2,741,180"
2022-07-12,"2,642,522"
2022-07-13,"2,785,035"
2022-07-14,"2,859,721"
2022-07-15,"2,886,497"
2022-07-16,"2,935,070"
2022-07-17,"2,875,300"
2022-07-18,"3,102,938"
2022-07-19,"3,232,731"
2022-07-20,"3,215,121"
2022-07-21,"3,173,551"
2022-07-22,"3,089,790"
2022-07-23,"3,056,032"
2022-07-24,"3,079,947"
2022-07-25,"2,908,522"
2022-07-26,"2,912,351"
2022-07-27,"3,124,543"
2022-07-28,"3,206,956"
2022-07-29,"3,168,503"
2022-07-30,"3,152,799"
2022-07-31,"3,113,082"
2022-08-01,"3,062,150"
2022-08-02,"3,066,846"
2022-08-03,"3,056,663"
2022-08-04,"3,002,820"
2022-08-05,"3,146,349"
2022-08-06,"3,099,964"
2022-08-07,"3,131,328"
2022-08-08,"3,211,079"
2022-08-09,"3,130,000"
2022-08-10,"3,183,701"
2022-08-11,"3,187,322"
2022-08-12,"3,255,377"
2022-08-13,"3,262,927"
2022-08-14,"3,243,334"
2022-08-15,"3,212,126"
2022-08-16,"3,206,856"
2022-08-17,"3,151,340"
2022-08-18,"3,152,377"
2022-08-19,"2,854,385"
2022-08-20,"2,897,228"
2022-08-21,"2,947,952"
2022-08-22,"2,945,000"
2022-08-23,"2,943,127"
2022-08-24,"2,931,406"
2022-08-25,"2,947,465"
2022-08-26,"2,787,390"
2022-08-27,"2,757,153"
2022-08-28,"2,701,936"
2022-08-29,"2,814,876"
2022-08-30,"2,749,512"
2022-08-31,"2,793,446"
2022-09-01,"2,820,499"
2022-09-02,"2,799,562"
2022-09-03,"2,781,451"
2022-09-04,"2,811,351"
2022-09-05,"2,780,498"
2022-09-06,"2,692,083"
2022-09-07,"2,778,171"
2022-09-08,"2,778,088"
2022-09-09,"3,049,401"
2022-09-10,"3,085,471"
2022-09-11,"3,112,029"
2022-09-12,"3,193,180"
2022-09-13,"2,915,000"
2022-09-14,"2,893,442"
2022-09-15,"2,824,620"
2022-09-16,"2,830,184"
2022-09-17,"2,877,543"
2022-09-18,"2,774,493"
2022-09-19,"2,799,301"
2022-09-20,"2,711,477"
2022-09-21,"2,664,383"
2022-09-22,"2,761,600"
2022-09-23,"2,763,014"
2022-09-24,"2,713,000"
2022-09-25,"2,701,054"
2022-09-26,"2,776,622"
2022-09-27,"2,762,000"
2022-09-28,"2,803,485"
2022-09-29,"2,829,945"
2022-09-30,"2,812,125"
2022-10-01,"2,796,384"
2022-10-02,"2,760,294"
2022-10-03,"2,838,285"
2022-10-04,"2,927,755"
2022-10-05,"2,912,383"
2022-10-06,"2,897,339"
2022-10-07,"2,841,529"
2022-10-08,"2,825,055"
2022-10-09,"2,830,176"
2022-10-10,"2,790,180"
2022-10-11,"2,782,585"
2022-10-12,"2,813,409"
2022-10-13,"2,853,000"
2022-10-14,"2,853,200"
2022-10-15,"2,835,160"
2022-10-16,"2,862,432"
2022-10-17,"2,910,832"
2022-10-18,"2,885,000"
2022-10-19,"2,865,542"
2022-10-20,"2,860,981"
2022-10-21,"2,833,900"
2022-10-22,"2,838,888"
2022-10-23,"2,885,417"
2022-10-24,"2,879,844"
2022-10-25,"2,970,628"
2022-10-26,"3,036,098"
2022-10-27,"2,968,206"
2022-10-28,"3,036,616"
2022-10-29,"3,068,097"
2022-10-30,"3,050,229"
2022-10-31,"3,049,897"
2022-11-01,"3,030,463"
2022-11-02,"2,982,300"
2022-11-03,"2,998,245"
2022-11-04,"3,101,621"
2022-11-05,"3,125,000"
2022-11-06,"3,073,397"
2022-11-07,"3,021,568"
2022-11-08,"2,699,474"
2022-11-09,"2,332,774"
2022-11-10,"2,502,222"
2022-11-11,"2,367,945"
2022-11-12,"2,325,204"
2022-11-13,"2,277,235"
2022-11-14,"2,328,565"
2022-11-15,"2,347,670"
2022-11-16,"2,309,925"
2022-11-17,"2,343,997"
2022-11-18,"2,334,873"
2022-11-19,"2,343,447"
2022-11-20,"2,282,000"
2022-11-21,"2,240,670"
2022-11-22,"2,286,096"
2022-11-23,"2,312,995"
2022-11-24,"2,303,333"
2022-11-25,"2,305,000"
2022-11-26,"2,299,982"
2022-11-27,"2,300,220"
2022-11-28,"2,253,660"
2022-11-29,"2,287,500"
2022-11-30,"2,362,402"
2022-12-01,"2,305,821"
2022-12-02,"2,303,630"
2022-12-03,"2,275,003"
2022-12-04,"2,307,133"
2022-12-05,"2,318,756"
2022-12-06,"2,339,146"
2022-12-07,"2,298,160"
2022-12-08,"2,353,209"
2022-12-09,"2,340,123"
2022-12-10,"2,341,846"
2022-12-11,"2,339,354"
2022-12-12,"2,365,869"
2022-12-13,"2,412,550"
2022-12-14,"2,411,599"
2022-12-15,"2,393,138"
2022-12-16,"2,278,357"
2022-12-17,"2,297,103"
2022-12-18,"2,287,667"
2022-12-19,"2,253,070"
2022-12-20,"2,234,548"
2022-12-21,"2,231,173"
2022-12-22,"2,227,277"
2022-12-23,"2,232,669"
2022-12-24,"2,239,307"
2022-12-25,"2,239,193"
2022-12-26,"2,248,064"
2022-12-27,"2,231,887"
2022-12-28,"2,218,908"
2022-12-29,"2,214,791"
2022-12-30,"2,180,500"
2022-12-31,"2,172,002"
2023-01-01,"2,177,871"
2023-01-02,"2,182,712"
2023-01-03,"2,189,471"
2023-01-04,"2,228,779"
2023-01-05,"2,243,978"
2023-01-06,"2,240,905"
2023-01-07,"2,240,863"
2023-01-08,"2,259,908"
2023-01-09,"2,265,058"
2023-01-10,"2,304,503"
2023-01-11,"2,367,045"
2023-01-12,"2,436,200"
2023-01-13,"2,549,133"
2023-01-14,"2,679,034"
2023-01-15,"2,674,422"
2023-01-16,"2,721,136"
2023-01-17,"2,714,156"
2023-01-18,"2,658,512"
2023-01-19,"2,707,959"
2023-01-20,"2,938,122"
2023-01-21,"2,949,635"
2023-01-22,"2,943,351"
2023-01-23,"2,996,204"
2023-01-24,"2,951,571"
2023-01-25,"2,982,604"
2023-01-26,"2,988,503"
2023-01-27,"2,996,919"
2023-01-28,"2,992,830"
2023-01-29,"3,087,116"
2023-01-30,"2,985,000"
2023-01-31,"3,010,686"
2023-02-01,"3,051,950"
2023-02-02,"3,030,000"
2023-02-03,"3,073,100"
2023-02-04,"3,062,004"
2023-02-05,"3,027,559"
2023-02-06,"3,020,949"
2023-02-07,"3,045,857"
2023-02-08,"3,017,881"
2023-02-09,"2,867,992"
2023-02-10,"2,843,050"
2023-02-11,"2,877,345"
2023-02-12,"2,866,372"
2023-02-13,"2,883,883"
2023-02-14,"2,956,396"
2023-02-15,"3,244,685"
2023-02-16,"3,150,757"
2023-02-17,"3,294,909"
2023-02-18,"3,305,448"
2023-02-19,"3,262,962"
2023-02-20,"3,334,159"
2023-02-21,"3,300,966"
2023-02-22,"3,266,057"
2023-02-23,"3,223,476"
2023-02-24,"3,165,630"
2023-02-25,"3,163,298"
2023-02-26,"3,212,382"
2023-02-27,"3,202,008"
2023-02-28,"3,155,487"
2023-03-01,"3,219,804"
2023-03-02,"3,208,255"
2023-03-03,"3,041,398"
2023-03-04,"3,042,057"
2023-03-05,"3,053,563"
2023-03-06,"3,049,487"
2023-03-07,"3,051,466"
2023-03-08,"2,979,241"
2023-03-09,"2,785,210"
2023-03-10,"2,734,625"
2023-03-11,"2,787,271"
2023-03-12,"2,992,420"
2023-03-13,"3,212,000"
2023-03-14,"3,318,143"
2023-03-15,"3,238,181"
2023-03-16,"3,344,269"
2023-03-17,"3,617,348"
2023-03-18,"3,561,299"
2023-03-19,"3,715,454"
2023-03-20,"3,666,000"
2023-03-21,"3,730,781"
2023-03-22,"3,602,128"
2023-03-23,"3,711,965"
2023-03-24,"3,603,421"
2023-03-25,"3,608,253"
2023-03-26,"3,668,268"
2023-03-27,"3,571,686"
2023-03-28,"3,576,392"
2023-03-29,"3,755,596"
2023-03-30,"3,734,098"
2023-03-31,"3,784,690"
2023-04-01,"3,783,219"
2023-04-02,"3,763,080"
2023-04-03,"3,687,595"
2023-04-04,"3,717,669"
2023-04-05,"3,701,778"
2023-04-06,"3,698,808"
2023-04-07,"3,696,600"
2023-04-08,"3,703,068"
2023-04-09,"3,743,182"
2023-04-10,"3,959,923"
2023-04-11,"4,040,001"
2023-04-12,"3,982,952"
2023-04-13,"4,032,263"
2023-04-14,"4,080,672"
2023-04-15,"4,062,215"
2023-04-16,"4,064,763"
2023-04-17,"3,964,881"
2023-04-18,"4,069,238"
2023-04-19,"3,892,717"
2023-04-20,"3,786,395"
2023-04-21,"3,653,999"
2023-04-22,"3,747,203"
2023-04-23,"3,700,577"
2023-04-24,"3,692,780"
2023-04-25,"3,784,757"
2023-04-26,"3,798,454"
2023-04-27,"3,941,705"
2023-04-28,"3,994,190"
2023-04-29,"3,989,272"
2023-04-30,"3,994,407"
2023-05-01,"3,874,008"
2023-05-02,"3,920,109"
2023-05-03,"3,912,377"
2023-05-04,"3,886,824"
2023-05-05,"3,978,937"
2023-05-06,"3,910,233"
2023-05-07,"3,854,000"
2023-05-08,"3,749,546"
2023-05-09,"3,745,548"
2023-05-10,"3,710,539"
2023-05-11,"3,631,400"
2023-05-12,"3,644,175"
2023-05-13,"3,642,905"
2023-05-14,"3,661,103"
2023-05-15,"3,696,375"
2023-05-16,"3,690,000"
2023-05-17,"3,766,200"
2023-05-18,"3,722,175"
2023-05-19,"3,713,953"
2023-05-20,"3,742,624"
2023-05-21,"3,689,384"
2023-05-22,"3,723,183"
2023-05-23,"3,775,965"
2023-05-24,"3,672,548"
2023-05-25,"3,707,576"
2023-05-26,"3,751,657"
2023-05-27,"3,771,486"
2023-05-28,"3,949,850"
2023-05-29,"3,901,319"
2023-05-30,"3,875,840"
2023-05-31,"3,791,972"
2023-06-01,"3,724,377"
2023-06-02,"3,818,565"
2023-06-03,"3,791,875"
2023-06-04,"3,804,525"
2023-06-05,"3,622,477"
2023-06-06,"3,796,828"
2023-06-07,"3,691,264"
2023-06-08,"3,682,994"
2023-06-09,"3,694,335"
2023-06-10,"3,616,972"
2023-06-11,"3,617,743"
2023-06-12,"3,617,500"
2023-06-13,"3,636,575"
2023-06-14,"3,527,546"
2023-06-15,"3,588,969"
2023-06-16,"3,731,094"
2023-06-17,"3,758,828"
2023-06-18,"3,733,287"
2023-06-19,"3,808,251"
2023-06-20,"3,989,313"
2023-06-21,"4,243,545"
2023-06-22,"4,270,108"
2023-06-23,"4,414,947"
2023-06-24,"4,385,591"
2023-06-25,"4,373,306"
2023-06-26,"4,346,227"
2023-06-27,"4,417,000"
2023-06-28,"4,347,325"
2023-06-29,"4,411,000"
2023-06-30,"4,406,154"
2023-07-01,"4,417,384"
2023-07-02,"4,421,771"
2023-07-03,"4,507,418"
2023-07-04,"4,458,715"
2023-07-05,"4,411,269"
2023-07-06,"4,324,818"
2023-07-07,"4,327,017"
2023-07-08,"4,317,120"
2023-07-09,"4,301,411"
2023-07-10,"4,313,057"
2023-07-11,"4,300,221"
2023-07-12,"4,224,194"
2023-07-13,"4,338,692"
2023-07-14,"4,218,700"
2023-07-15,"4,212,783"
2023-07-16,"4,202,429"
2023-07-17,"4,181,225"
2023-07-18,"4,150,669"
2023-07-19,"4,178,477"
2023-07-20,"4,177,437"
2023-07-21,"4,242,095"
2023-07-22,"4,228,999"
2023-07-23,"4,267,111"
2023-07-24,"4,149,026"
2023-07-25,"4,128,955"
2023-07-26,"4,127,044"
2023-07-27,"4,071,612"
2023-07-28,"4,139,895"
2023-07-29,"4,149,497"
2023-07-30,"4,125,453"
2023-07-31,"4,169,048"
2023-08-01,"4,240,596"
2023-08-02,"4,191,990"
2023-08-03,"4,170,585"
2023-08-04,"4,139,594"
2023-08-05,"4,135,893"
2023-08-06,"4,129,800"
2023-08-07,"4,161,958"
2023-08-08,"4,265,000"
2023-08-09,"4,255,600"
2023-08-10,"4,265,757"
2023-08-11,"4,261,641"
2023-08-12,"4,267,653"
2023-08-13,"4,251,000"
2023-08-14,"4,285,385"
2023-08-15,"4,258,783"
2023-08-16,"4,208,508"
2023-08-17,"3,917,771"
2023-08-18,"3,798,579"
2023-08-19,"3,811,191"
2023-08-20,"3,816,393"
2023-08-21,"3,827,035"
2023-08-22,"3,801,461"
2023-08-23,"3,822,228"
2023-08-24,"3,829,932"
2023-08-25,"3,819,233"
2023-08-26,"3,818,763"
2023-08-27,"3,828,507"
2023-08-28,"3,829,292"
2023-08-29,"4,046,851"
2023-08-30,"3,989,862"
2023-08-31,"3,789,732"
2023-09-01,"3,779,072"
2023-09-02,"3,793,627"
2023-09-03,"3,800,275"
2023-09-04,"3,788,700"
2023-09-05,"3,807,075"
2023-09-06,"3,809,913"
2023-09-07,"3,869,733"
2023-09-08,"3,837,437"
2023-09-09,"3,832,922"
2023-09-10,"3,806,003"
2023-09-11,"3,699,912"
2023-09-12,"3,807,869"
2023-09-13,"3,868,193"
2023-09-14,"3,919,180"
2023-09-15,"3,936,405"
2023-09-16,"3,934,225"
2023-09-17,"3,929,773"
2023-09-18,"3,958,739"
2023-09-19,"4,022,291"
2023-09-20,"4,026,322"
2023-09-21,"3,931,213"
2023-09-22,"3,948,561"
2023-09-23,"3,946,004"
2023-09-24,"3,905,937"
2023-09-25,"3,918,800"
2023-09-26,"3,911,360"
2023-09-27,"3,944,910"
2023-09-28,"4,028,502"
2023-09-29,"4,022,000"
2023-09-30,"4,032,776"
2023-10-01,"4,179,681"
2023-10-02,"4,126,498"
2023-10-03,"4,097,183"
2023-10-04,"4,147,205"
2023-10-05,"4,081,427"
2023-10-06,"4,170,580"
2023-10-07,"4,182,197"
2023-10-08,"4,170,130"
2023-10-09,"4,103,969"
2023-10-10,"4,076,450"
2023-10-11,"4,015,571"
2023-10-12,"4,012,968"
2023-10-13,"4,029,520"
2023-10-14,"4,029,619"
2023-10-15,"4,064,053"
2023-10-16,"4,263,348"
2023-10-17,"4,256,000"
2023-10-18,"4,245,004"
2023-10-19,"4,305,230"
2023-10-20,"4,444,181"
2023-10-21,"4,478,009"
2023-10-22,"4,489,761"
2023-10-23,"4,939,000"
2023-10-24,"5,079,330"
2023-10-25,"5,180,000"
2023-10-26,"5,142,959"
2023-10-27,"5,076,438"
2023-10-28,"5,111,920"
2023-10-29,"5,171,000"
2023-10-30,"5,152,100"
2023-10-31,"5,244,740"
2023-11-01,"5,337,526"
2023-11-02,"5,270,737"
2023-11-03,"5,201,144"
2023-11-04,"5,241,720"
2023-11-05,"5,235,985"
2023-11-06,"5,259,423"
2023-11-07,"5,322,597"
2023-11-08,"5,376,569"
2023-11-09,"5,559,557"
2023-11-10,"5,658,208"
2023-11-11,"5,632,361"
2023-11-12,"5,624,898"
2023-11-13,"5,539,500"
2023-11-14,"5,359,010"
2023-11-15,"5,730,485"
2023-11-16,"5,474,000"
2023-11-17,"5,486,293"
2023-11-18,"5,481,983"
2023-11-19,"5,605,724"
2023-11-20,"5,561,000"
2023-11-21,"5,304,674"
2023-11-22,"5,595,000"
2023-11-23,"5,581,766"
2023-11-24,"5,646,752"
2023-11-25,"5,655,064"
2023-11-26,"5,609,682"
2023-11-27,"5,543,927"
2023-11-28,"5,567,370"
2023-11-29,"5,578,877"
2023-11-30,"5,585,815"
2023-12-01,"5,686,516"
2023-12-02,"5,788,766"
2023-12-03,"5,855,104"
2023-12-04,"6,189,984"
2023-12-05,"6,492,300"
2023-12-06,"6,446,153"
2023-12-07,"6,251,606"
2023-12-08,"6,403,944"
2023-12-09,"6,344,824"
2023-12-10,"6,352,315"
2023-12-11,"6,042,828"
2023-12-12,"6,037,350"
2023-12-13,"6,137,688"
2023-12-14,"6,124,631"
2023-12-15,"5,974,568"
2023-12-16,"6,022,915"
2023-12-17,"5,899,999"
2023-12-18,"6,087,215"
2023-12-19,"6,090,095"
2023-12-20,"6,270,000"
2023-12-21,"6,237,169"
2023-12-22,"6,268,206"
2023-12-23,"6,234,168"
2023-12-24,"6,137,797"
2023-12-25,"6,207,127"
2023-12-26,"6,083,304"
2023-12-27,"6,149,026"
2023-12-28,"6,039,995"
2023-12-29,"5,969,262"
2023-12-30,"5,955,539"
2023-12-31,"5,988,801"
2024-01-01,"6,236,658"
2024-01-02,"6,392,181"
2024-01-03,"6,150,340"
2024-01-04,"6,390,567"
2024-01-05,"6,386,700"
2024-01-06,"6,364,404"
2024-01-07,"6,374,571"
2024-01-08,"6,752,383"
2024-01-09,"6,667,290"
2024-01-10,"6,802,415"
2024-01-11,"6,737,219"
2024-01-12,"6,229,095"
2024-01-13,"6,226,365"
2024-01-14,"6,058,594"
2024-01-15,"6,204,608"
2024-01-16,"6,355,086"
2024-01-17,"6,334,388"
2024-01-18,"6,140,557"
2024-01-19,"6,170,700"
2024-01-20,"6,172,676"
2024-01-21,"6,156,864"
2024-01-22,"5,875,166"
2024-01-23,"5,930,730"
2024-01-24,"5,923,115"
2024-01-25,"5,906,037"
2024-01-26,"6,195,555"
2024-01-27,"6,236,160"
2024-01-28,"6,228,326"
2024-01-29,"6,380,600"
2024-01-30,"6,340,700"
2024-01-31,"6,268,699"
2024-02-01,"6,310,003"
2024-02-02,"6,406,446"
2024-02-03,"6,373,651"
2024-02-04,"6,327,550"
2024-02-05,"6,355,268"
2024-02-06,"6,373,166"
2024-02-07,"6,554,074"
2024-02-08,"6,754,997"
2024-02-09,"7,027,493"
2024-02-10,"7,112,116"
2024-02-11,"7,200,777"
2024-02-12,"7,448,000"
2024-02-13,"7,477,000"
2024-02-14,"7,804,221"
2024-02-15,"7,788,981"
2024-02-16,"7,847,913"
2024-02-17,"7,768,982"
2024-02-18,"7,827,097"
2024-02-19,"7,787,029"
2024-02-20,"7,838,641"
2024-02-21,"7,797,628"
2024-02-22,"7,729,496"
2024-02-23,"7,653,860"
2024-02-24,"7,761,772"
2024-02-25,"7,780,745"
2024-02-26,"8,200,003"
2024-02-27,"8,588,173"
2024-02-28,"9,426,102"
2024-02-29,"9,176,275"
2024-03-01,"9,376,289"
2024-03-02,"9,303,908"
2024-03-03,"9,476,466"
2024-03-04,"10,261,254"
2024-03-05,"9,596,147"
2024-03-06,"9,879,490"
2024-03-07,"9,900,000"
2024-03-08,"10,052,245"
2024-03-09,"10,084,079"
2024-03-10,"10,147,771"
2024-03-11,"10,581,902"
2024-03-12,"10,568,497"
2024-03-13,"10,813,531"
2024-03-14,"10,655,761"
2024-03-15,"10,365,449"
2024-03-16,"9,724,509"
2024-03-17,"10,190,063"
2024-03-18,"10,076,067"
2024-03-19,"9,351,095"
2024-03-20,"10,227,750"
2024-03-21,"9,935,647"
2024-03-22,"9,696,974"
2024-03-23,"9,704,054"
2024-03-24,"10,153,582"
2024-03-25,"10,564,998"
2024-03-26,"10,609,564"
2024-03-27,"10,529,526"
2024-03-28,"10,722,030"
2024-03-29,"10,617,240"
2024-03-30,"10,555,779"
2024-03-31,"10,799,211"
2024-04-01,"10,576,000"
2024-04-02,"9,972,844"
2024-04-03,"10,026,846"
2024-04-04,"10,377,118"
2024-04-05,"10,292,472"
2024-04-06,"10,438,765"
2024-04-07,"10,533,117"
2024-04-08,"10,876,628"
2024-04-09,"10,511,663"
2024-04-10,"10,796,495"
2024-04-11,"10,741,522"
2024-04-12,"10,357,932"
2024-04-13,"9,957,331"
2024-04-14,"10,119,202"
2024-04-15,"9,852,175"
2024-04-16,"9,917,563"
2024-04-17,"9,485,867"
2024-04-18,"9,830,263"
2024-04-19,"9,881,719"
2024-04-20,"10,047,604"
2024-04-21,"10,047,377"
2024-04-22,"10,365,036"
2024-04-23,"10,298,406"
2024-04-24,"10,003,715"
2024-04-25,"10,039,950"
2024-04-26,"10,093,722"
2024-04-27,"10,037,070"
2024-04-28,"10,009,850"
2024-04-29,"9,974,924"
2024-04-30,"9,618,086"
2024-05-01,"9,127,613"
2024-05-02,"9,057,501"
2024-05-03,"9,628,644"
2024-05-04,"9,786,836"
2024-05-05,"9,840,203"
2024-05-06,"9,756,431"
2024-05-07,"9,670,000"
2024-05-08,"9,521,622"
2024-05-09,"9,803,223"
2024-05-10,"9,500,163"
2024-05-11,"9,496,567"
2024-05-12,"9,594,429"
2024-05-13,"9,840,528"
2024-05-14,"9,656,322"
2024-05-15,"10,221,754"
2024-05-16,"10,163,061"
2024-05-17,"10,443,039"
2024-05-18,"10,432,839"
2024-05-19,"10,341,445"
2024-05-20,"11,147,107"
2024-05-21,"10,968,060"
2024-05-22,"10,857,009"
2024-05-23,"10,689,043"
2024-05-24,"10,737,218"
2024-05-25,"10,881,484"
2024-05-26,"10,747,943"
2024-05-27,"10,897,029"
2024-05-28,"10,758,000"
2024-05-29,"10,674,000"
2024-05-30,"10,740,530"
2024-05-31,"10,642,811"
2024-06-01,"10,664,646"
2024-06-02,"10,658,890"
2024-06-03,"10,761,335"
2024-06-04,"10,935,000"
2024-06-05,"11,098,616"
2024-06-06,"11,046,503"
2024-06-07,"10,929,823"
2024-06-08,"10,899,737"
2024-06-09,"10,932,670"
2024-06-10,"10,944,373"
2024-06-11,"10,618,165"
2024-06-12,"10,730,709"
2024-06-13,"10,516,611"
2024-06-14,"10,405,492"
2024-06-15,"10,429,274"
2024-06-16,"10,519,831"
2024-06-17,"10,499,132"
2024-06-18,"10,292,731"
2024-06-19,"10,284,994"
2024-06-20,"10,328,515"
2024-06-21,"10,254,004"
2024-06-22,"10,284,188"
2024-06-23,"10,126,429"
2024-06-24,"9,644,706"
2024-06-25,"9,886,249"
2024-06-26,"9,788,820"
2024-06-27,"9,919,140"
2024-06-28,"9,732,520"
2024-06-29,"9,823,684"
2024-06-30,"10,102,372"
2024-07-01,"10,163,457"
2024-07-02,"10,037,324"
2024-07-03,"9,737,259"
2024-07-04,"9,219,590"
2024-07-05,"9,129,741"
2024-07-06,"9,394,021"
2024-07-07,"8,982,000"
2024-07-08,"9,132,883"
2024-07-09,"9,376,942"
2024-07-10,"9,342,319"
2024-07-11,"9,089,342"
2024-07-12,"9,160,036"
2024-07-13,"9,359,801"
2024-07-14,"9,635,398"
2024-07-15,"10,237,620"
2024-07-16,"10,294,192"
2024-07-17,"9,980,003"
2024-07-18,"10,074,861"
2024-07-19,"10,479,830"
2024-07-20,"10,567,845"
2024-07-21,"10,728,971"
2024-07-22,"10,614,343"
2024-07-23,"10,284,304"
2024-07-24,"10,067,847"
2024-07-25,"10,130,017"
2024-07-26,"10,447,160"
2024-07-27,"10,436,150"
2024-07-28,"10,527,356"
2024-07-29,"10,289,525"
2024-07-30,"10,119,525"
2024-07-31,"9,692,633"
2024-08-01,"9,765,087"
2024-08-02,"9,011,276"
2024-08-03,"8,923,740"
2024-08-04,"8,464,575"
2024-08-05,"7,893,967"
2024-08-06,"8,124,915"
2024-08-07,"8,070,763"
2024-08-08,"9,130,961"
2024-08-09,"8,943,614"
2024-08-10,"8,944,273"
2024-08-11,"8,636,938"
2024-08-12,"8,741,322"
2024-08-13,"8,907,198"
2024-08-14,"8,668,372"
2024-08-15,"8,602,408"
2024-08-16,"8,698,961"
2024-08-17,"8,788,726"
2024-08-18,"8,661,158"
2024-08-19,"8,740,880"
2024-08-20,"8,602,379"
2024-08-21,"8,881,700"
2024-08-22,"8,847,856"
2024-08-23,"9,263,362"
2024-08-24,"9,276,027"
2024-08-25,"9,254,583"
2024-08-26,"9,098,214"
2024-08-27,"8,592,112"
2024-08-28,"8,547,962"
2024-08-29,"8,637,601"
2024-08-30,"8,659,068"
2024-08-31,"8,636,977"
2024-09-01,"8,406,040"
2024-09-02,"8,691,389"
2024-09-03,"8,383,220"
2024-09-04,"8,327,846"
2024-09-05,"8,074,604"
2024-09-06,"7,708,360"
2024-09-07,"7,726,037"
2024-09-08,"7,831,878"
2024-09-09,"8,189,815"
2024-09-10,"8,212,073"
2024-09-11,"8,190,249"
2024-09-12,"8,246,595"
2024-09-13,"8,537,506"
2024-09-14,"8,467,149"
2024-09-15,"8,341,997"
2024-09-16,"8,209,820"
2024-09-17,"8,568,000"
2024-09-18,"8,827,223"
2024-09-19,"9,002,995"
2024-09-20,"9,103,959"
2024-09-21,"9,124,094"
2024-09-22,"9,155,003"
2024-09-23,"9,107,198"
2024-09-24,"9,202,239"
2024-09-25,"9,152,607"
2024-09-26,"9,466,105"
2024-09-27,"9,371,940"
2024-09-28,"9,374,060"
2024-09-29,"9,377,946"
2024-09-30,"9,118,859"
2024-10-01,"8,765,685"
2024-10-02,"8,905,819"
2024-10-03,"8,935,519"
2024-10-04,"9,238,402"
2024-10-05,"9,245,944"
2024-10-06,"9,357,245"
2024-10-07,"9,229,155"
2024-10-08,"9,218,168"
2024-10-09,"9,059,346"
2024-10-10,"8,980,072"
2024-10-11,"9,321,120"
2024-10-12,"9,428,983"
2024-10-13,"9,389,867"
2024-10-14,"9,882,117"
2024-10-15,"9,999,525"
2024-10-16,"10,127,503"
2024-10-17,"10,122,579"
2024-10-18,"10,252,097"
2024-10-19,"10,238,550"
2024-10-20,"10,334,731"
2024-10-21,"10,158,187"
2024-10-22,"10,198,945"
2024-10-23,"10,185,579"
2024-10-24,"10,358,585"
2024-10-25,"10,162,897"
2024-10-26,"10,217,828"
2024-10-27,"10,397,370"
2024-10-28,"10,702,191"
2024-10-29,"11,145,982"
2024-10-30,"11,088,574"
2024-10-31,"10,689,007"
2024-11-01,"10,654,470"
2024-11-02,"10,636,212"
2024-11-03,"10,492,712"
2024-11-04,"10,346,725"
2024-11-05,"10,530,201"
2024-11-06,"11,670,030"
2024-11-07,"11,637,880"
2024-11-08,"11,703,600"
2024-11-09,"11,716,715"
2024-11-10,"12,307,977"
2024-11-11,"13,653,261"
2024-11-12,"13,622,144"
2024-11-13,"14,083,740"
2024-11-14,"13,691,254"
2024-11-15,"14,042,642"
2024-11-16,"13,974,056"
2024-11-17,"13,904,081"
2024-11-18,"14,009,003"
2024-11-19,"14,322,000"
2024-11-20,"14,677,833"
2024-11-21,"15,195,295"
2024-11-22,"15,331,921"
2024-11-23,"15,147,492"
2024-11-24,"15,115,502"
2024-11-25,"14,373,792"
2024-11-26,"14,098,888"
2024-11-27,"14,556,492"
2024-11-28,"14,505,064"
2024-11-29,"14,629,999"
2024-11-30,"14,468,396"
2024-12-01,"14,560,801"
2024-12-02,"14,358,983"
2024-12-03,"14,366,628"
2024-12-04,"14,845,928"
2024-12-05,"14,606,247"
2024-12-06,"14,982,314"
2024-12-07,"14,997,862"
2024-12-08,"15,160,241"
2024-12-09,"14,754,096"
2024-12-10,"14,672,320"
2024-12-11,"15,385,298"
2024-12-12,"15,273,682"
2024-12-13,"15,578,399"
2024-12-14,"15,586,717"
2024-12-15,"16,032,922"
2024-12-16,"16,358,615"
2024-12-17,"16,327,300"
2024-12-18,"15,528,342"
2024-12-19,"15,392,685"
2024-12-20,"15,345,003"
2024-12-21,"15,221,576"
2024-12-22,"14,931,437"
2024-12-23,"14,920,203"
2024-12-24,"15,507,649"
2024-12-25,"15,614,660"
2024-12-26,"15,126,448"
2024-12-27,"14,903,599"
2024-12-28,"15,052,152"
2024-12-29,"14,789,686"
2024-12-30,"14,568,223"
2024-12-31,"14,730,000"
2025-01-01,"14,893,522"
2025-01-02,"15,269,076"
2025-01-03,"15,439,845"
2025-01-04,"15,440,000"
2025-01-05,"15,459,997"
2025-01-06,"16,134,861"
2025-01-07,"15,373,354"
2025-01-08,"15,078,932"
2025-01-09,"14,656,100"
2025-01-10,"14,986,696"
2025-01-11,"14,946,800"
2025-01-12,"14,936,185"
2025-01-13,"14,893,054"
2025-01-14,"15,278,596"
2025-01-15,"15,709,038"
2025-01-16,"15,552,545"
2025-01-17,"16,266,713"
2025-01-18,"16,344,996"
2025-01-19,"15,857,556"
2025-01-20,"15,919,213"
2025-01-21,"16,541,838"
2025-01-22,"16,255,916"
2025-01-23,"16,254,449"
2025-01-24,"16,372,294"
2025-01-25,"16,365,352"
2025-01-26,"16,017,174"
2025-01-27,"15,860,769"
2025-01-28,"15,805,808"
2025-01-29,"16,129,988"
2025-01-30,"16,171,635"
2025-01-31,"15,939,262"
2025-02-01,"15,644,276"
2025-02-02,"15,220,023"
2025-02-03,"15,774,808"
2025-02-04,"15,118,890"
2025-02-05,"14,783,999"
2025-02-06,"14,639,496"
2025-02-07,"14,666,969"
2025-02-08,"14,639,692"
2025-02-09,"14,687,528"
2025-02-10,"14,828,107"
2025-02-11,"14,664,711"
2025-02-12,"15,101,571"
2025-02-13,"14,818,100"
2025-02-14,"14,878,310"
2025-02-15,"14,901,060"
2025-02-16,"14,657,488"
2025-02-17,"14,541,337"
2025-02-18,"14,542,764"
2025-02-19,"14,647,963"
2025-02-20,"14,731,119"
2025-02-21,"14,410,029"
2025-02-22,"14,438,235"
2025-02-23,"14,412,421"
2025-02-24,"13,742,725"
2025-02-25,"13,217,946"
2025-02-26,"12,531,514"
2025-02-27,"12,715,925"
2025-02-28,"12,702,441"
2025-03-01,"12,987,782"
2025-03-02,"14,244,319"
2025-03-03,"12,924,071"
2025-03-04,"13,100,915"
2025-03-05,"13,529,718"
2025-03-06,"13,372,101"
2025-03-07,"12,870,050"
2025-03-08,"12,775,780"
2025-03-09,"11,943,500"
2025-03-10,"11,572,809"
2025-03-11,"12,309,997"
2025-03-12,"12,444,908"
2025-03-13,"12,034,297"
2025-03-14,"12,510,716"
2025-03-15,"12,574,174"
2025-03-16,"12,311,406"
2025-03-17,"12,581,621"
2025-03-18,"12,385,700"
2025-03-19,"12,924,371"
2025-03-20,"12,530,327"
2025-03-21,"12,560,399"
2025-03-22,"12,527,127"
2025-03-23,"12,893,672"
2025-03-24,"13,211,346"
2025-03-25,"13,128,878"
2025-03-26,"13,100,099"
2025-03-27,"13,173,098"
2025-03-28,"12,666,494"
2025-03-29,"12,400,299"
2025-03-30,"12,336,529"
2025-03-31,"12,398,647"
2025-04-01,"12,775,000"
2025-04-02,"12,219,998"
2025-04-03,"12,176,042"
2025-04-04,"12,313,000"
2025-04-05,"12,280,000"
2025-04-06,"11,400,000"
2025-04-07,"11,700,455"
2025-04-08,"11,127,055"
2025-04-09,"12,186,600"
2025-04-10,"11,451,630"
2025-04-11,"11,975,718"
2025-04-12,"12,244,500"
2025-04-13,"12,042,303"
2025-04-14,"12,129,742"
2025-04-15,"11,996,885"
2025-04-16,"11,947,675"
2025-04-17,"12,105,900"
2025-04-18,"12,042,769"
2025-04-19,"12,118,500"
2025-04-20,"12,079,399"
2025-04-21,"12,351,665"
2025-04-22,"13,347,271"
2025-04-23,"13,439,513"
2025-04-24,"13,451,989"
2025-04-25,"13,628,340"
2025-04-26,"13,619,397"
2025-04-27,"13,498,513"
2025-04-28,"13,548,445"
2025-04-29,"13,440,709"
2025-04-30,"13,504,406"
2025-05-01,"14,061,972"
2025-05-02,"14,083,900"
2025-05-03,"13,955,186"
2025-05-04,"13,676,700"
2025-05-05,"13,638,499"
2025-05-06,"13,873,792"
2025-05-07,"13,977,250"
2025-05-08,"15,072,003"
2025-05-09,"14,976,400"
2025-05-10,"15,244,997"
2025-05-11,"15,203,570"
2025-05-12,"15,264,453"
2025-05-13,"15,384,700"
2025-05-14,"15,196,000"
2025-05-15,"15,132,548"
2025-05-16,"15,113,200"
2025-05-17,"15,061,376"
2025-05-18,"15,480,397"
2025-05-19,"15,326,916"
2025-05-20,"15,424,964"
2025-05-21,"15,746,684"
2025-05-22,"16,078,848"
2025-05-23,"15,314,733"
2025-05-24,"15,405,299"
2025-05-25,"15,599,004"
2025-05-26,"15,637,799"
2025-05-27,"15,723,700"
2025-05-28,"15,718,300"
2025-05-29,"15,209,502"
2025-05-30,"14,997,100"
2025-05-31,"15,107,797"
2025-06-01,"15,221,000"
2025-06-02,"15,095,901"
2025-06-03,"15,179,634"
2025-06-04,"14,973,796"
2025-06-05,"14,606,594"
2025-06-06,"15,105,900"
2025-06-07,"15,285,596"
2025-06-08,"15,294,972"
2025-06-09,"15,909,519"
2025-06-10,"15,955,279"
2025-06-11,"15,690,000"
2025-06-12,"15,161,389"
2025-06-13,"15,300,933"
2025-06-14,"15,208,100"
2025-06-15,"15,285,560"
2025-06-16,"15,448,197"
2025-06-17,"15,231,838"
2025-06-18,"15,221,893"
2025-06-19,"15,212,999"
2025-06-20,"15,127,000"
2025-06-21,"14,946,944"
2025-06-22,"14,784,785"
2025-06-23,"15,373,869"
2025-06-24,"15,379,000"
2025-06-25,"15,559,403"
2025-06-26,"15,495,895"
2025-06-27,"15,513,136"
2025-06-28,"15,548,193"
2025-06-29,"15,660,586"
2025-06-30,"15,440,548"
2025-07-01,"15,184,079"
2025-07-02,"15,586,407"
2025-07-03,"15,832,897"
2025-07-04,"15,644,400"
2025-07-05,"15,658,100"
2025-07-06,"15,791,070"
2025-07-07,"15,801,475"
2025-07-08,"15,995,471"
2025-07-09,"16,230,000"
2025-07-10,"16,892,584"
2025-07-11,"17,273,796"
2025-07-12,"17,280,612"
2025-07-13,"17,518,992"
2025-07-14,"17,712,024"
2025-07-15,"17,525,000"
2025-07-16,"17,584,740"
2025-07-17,"17,702,168"
2025-07-18,"17,573,560"
2025-07-19,"17,564,596"
2025-07-20,"17,438,800"
2025-07-21,"17,336,494"
2025-07-22,"17,617,100"
2025-07-23,"17,399,100"
2025-07-24,"17,396,400"
2025-07-25,"17,371,204"
2025-07-26,"17,420,894"
2025-07-27,"17,641,302"
2025-07-28,"17,550,000"
2025-07-29,"17,529,300"
2025-07-30,"17,590,488"
2025-07-31,"17,483,524"
2025-08-01,"16,728,000"
2025-08-02,"16,620,896"
2025-08-03,"16,858,596"
2025-08-04,"16,912,998"
2025-08-05,"16,850,052"
2025-08-06,"16,936,600"
2025-08-07,"17,259,496"
2025-08-08,"17,231,300"
2025-08-09,"17,223,538"
2025-08-10,"17,608,900"
2025-08-11,"17,595,224"
2025-08-12,"17,753,764"
2025-08-13,"18,153,700"
2025-08-14,"17,519,464"
2025-08-15,"17,320,506"
2025-08-16,"17,318,800"
2025-08-17,"17,328,368"
2025-08-18,"17,217,380"
2025-08-19,"16,695,891"
2025-08-20,"16,876,864"
2025-08-21,"16,708,324"
2025-08-22,"17,175,804"
2025-08-23,"16,964,300"
2025-08-24,"16,730,200"
2025-08-25,"16,299,297"
2025-08-26,"16,499,497"
2025-08-27,"16,403,738"
2025-08-28,"16,560,410"
2025-08-29,"15,973,957"
2025-08-30,"16,028,892"
2025-08-31,"15,950,019"
2025-09-01,"16,088,771"
2025-09-02,"16,537,292"
2025-09-03,"16,549,099"
2025-09-04,"16,447,367"
2025-09-05,"16,325,477"
2025-09-06,"16,263,027"
2025-09-07,"16,492,410"
2025-09-08,"16,530,952"
2025-09-09,"16,450,037"
2025-09-10,"16,809,300"
2025-09-11,"17,014,000"
2025-09-12,"17,150,000"
2025-09-13,"17,132,100"
2025-09-14,"17,064,224"
2025-09-15,"17,021,688"
2025-09-16,"17,116,964"
2025-09-17,"17,119,600"
2025-09-18,"17,338,196"
2025-09-19,"17,142,500"
2025-09-20,"17,148,600"
2025-09-21,"17,090,308"
2025-09-22,"16,684,495"
2025-09-23,"16,558,397"
2025-09-24,"16,879,096"
2025-09-25,"16,362,198"
2025-09-26,"16,434,392"
2025-09-27,"16,412,519"
2025-09-28,"16,776,625"
2025-09-29,"17,016,168"
2025-09-30,"16,895,000"
2025-10-01,"17,450,000"
2025-10-02,"17,740,000"
2025-10-03,"18,011,088"
2025-10-04,"18,066,604"
2025-10-05,"18,473,600"
2025-10-06,"18,759,800"
2025-10-07,"18,482,000"
2025-10-08,"18,836,738"
2025-10-09,"18,641,178"
2025-10-10,"17,184,678"
2025-10-11,"16,924,508"
2025-10-12,"17,543,152"
2025-10-13,"17,578,034"
2025-10-14,"17,191,864"
2025-10-15,"16,761,561"
2025-10-16,"16,289,730"
2025-10-17,"16,101,403"
2025-10-18,"16,194,829"
2025-10-19,"16,439,500"
2025-10-20,"16,704,395"
2025-10-21,"16,458,015"
2025-10-22,"16,369,483"
2025-10-23,"16,822,298"
2025-10-24,"16,982,124"
2025-10-25,"17,085,796"
2025-10-26,"17,520,248"
2025-10-27,"17,440,528"
2025-10-28,"17,159,564"
2025-10-29,"16,835,196"
2025-10-30,"16,693,527"
2025-10-31,"16,896,092"
2025-11-01,"16,970,464"
2025-11-02,"17,066,400"
2025-11-03,"16,444,764"
2025-11-04,"15,605,203"
2025-11-05,"16,032,813"
2025-11-06,"15,511,961"
2025-11-07,"15,850,000"
2025-11-08,"15,725,599"
2025-11-09,"16,128,997"
2025-11-10,"16,357,386"
2025-11-11,"15,900,023"
2025-11-12,"15,740,849"
2025-11-13,"15,429,064"
2025-11-14,"14,651,390"
2025-11-15,"14,786,318"
2025-11-16,"14,582,498"
2025-11-17,"14,322,559"
2025-11-18,"14,468,245"
2025-11-19,"14,383,209"
2025-11-20,"13,645,624"
2025-11-21,"13,322,128"
2025-11-22,"13,261,088"
2025-11-23,"13,617,986"
2025-11-24,"13,859,341"
2025-11-25,"13,655,151"
2025-11-26,"14,160,042"
2025-11-27,"14,293,726"
2025-11-28,"14,225,744"
2025-11-29,"14,208,947"
2025-11-30,"14,110,000"
2025-12-01,"13,440,400"
2025-12-02,"14,225,307"
2025-12-03,"14,515,600"
2025-12-04,"14,302,930"
2025-12-05,"13,892,189"
2025-12-06,"13,871,477"
2025-12-07,"14,071,562"
2025-12-08,"14,140,000"
2025-12-09,"14,531,600"
2025-12-10,"14,357,207"
2025-12-11,"14,401,975"
2025-12-12,"14,097,229"
2025-12-13,"14,088,264"
2025-12-14,"13,757,064"
2025-12-15,"13,418,715"
2025-12-16,"13,613,962"
2025-12-17,"13,418,397"
2025-12-18,"13,316,307"
2025-12-19,"13,908,800"
2025-12-20,"13,931,315"
2025-12-21,"13,973,512"
2025-12-22,"13,904,199"
2025-12-23,"13,675,301"
2025-12-24,"13,682,607"
2025-12-25,"13,624,420"
2025-12-26,"13,687,598"
2025-12-27,"13,757,461"
2025-12-28,"13,758,071"
2025-12-29,"13,624,070"
2025-12-30,"13,831,702"
2025-12-31,"13,680,099"
2026-01-01,"13,891,346"