2015/6/25,32000 
2015/6/26,31700 
2015/6/27,30620 
2015/6/28,30870 
2015/6/29,31550 
2015/6/30,32850 
2015/7/1,31960 
2015/7/2,31720 
2015/7/3,31790 
2015/7/4,31800 
2015/7/5,32950 
2015/7/6,33330 
2015/7/7,33340 
2015/7/8,33900 
2015/7/9,34080 
2015/7/10,35890 
2015/7/11,36000 
2015/7/12,38290 
2015/7/13,35000 
2015/7/14,36000 
2015/7/15,35900 
2015/7/16,34100 
2015/7/17,34600 
2015/7/18,34500 
2015/7/19,34600 
2015/7/20,34046 
2015/7/21,34810 
2015/7/22,34930 
2015/7/23,34800 
2015/7/24,35809 
2015/7/25,36020 
2015/7/26,36340 
2015/7/27,36000 
2015/7/28,36550 
2015/7/29,36520 
2015/7/30,35800 
2015/7/31,35280 
2015/8/1,35070 
2015/8/2,34940 
2015/8/3,35280 
2015/8/4,35250 
2015/8/5,35310 
2015/8/6,34980 
2015/8/7,35101 
2015/8/8,32950 
2015/8/9,33180 
2015/8/10,33370 
2015/8/11,33740 
2015/8/12,33520 
2015/8/13,33710 
2015/8/14,33350 
2015/8/15,33119 
2015/8/16,32750 
2015/8/17,32331 
2015/8/18,31520 
2015/8/19,29530 
2015/8/20,29600 
2015/8/21,29085 
2015/8/22,28530 
2015/8/23,28410 
2015/8/24,26200 
2015/8/25,27110 
2015/8/26,27500 
2015/8/27,27900 
2015/8/28,28770 
2015/8/29,28490 
2015/8/30,28197 
2015/8/31,28300 
2015/9/1,28000 
2015/9/2,28210 
2015/9/3,28050 
2015/9/4,27850 
2015/9/5,28020 
2015/9/6,29000 
2015/9/7,29120 
2015/9/8,29518 
2015/9/9,28840 
2015/9/10,29230 
2015/9/11,29362 
2015/9/12,29350 
2015/9/13,28780 
2015/9/14,28191 
2015/9/15,27999 
2015/9/16,27923 
2015/9/17,28264 
2015/9/18,28261 
2015/9/19,28031 
2015/9/20,27897 
2015/9/21,27440 
2015/9/22,27762 
2015/9/23,27814 
2015/9/24,27861 
2015/9/25,28430 
2015/9/26,28410 
2015/9/27,28434 
2015/9/28,28719 
2015/9/29,28790 
2015/9/30,28992 
2015/10/1,28920 
2015/10/2,29137 
2015/10/3,29153 
2015/10/4,29050 
2015/10/5,29081 
2015/10/6,29260 
2015/10/7,29661 
2015/10/8,29495 
2015/10/9,29660 
2015/10/10,29583 
2015/10/11,30180 
2015/10/12,30139 
2015/10/13,29584 
2015/10/14,30189 
2015/10/15,30201 
2015/10/16,30740 
2015/10/17,32020 
2015/10/18,32140 
2015/10/19,31496 
2015/10/20,32034 
2015/10/21,32174 
2015/10/22,32526 
2015/10/23,33357 
2015/10/24,34110 
2015/10/25,35172 
2015/10/26,34570 
2015/10/27,35698 
2015/10/28,37075 
2015/10/29,37780 
2015/10/30,39515 
2015/10/31,37980 
2015/11/1,38601 
2015/11/2,44413 
2015/11/3,48763 
2015/11/4,52000 
2015/11/5,51290 
2015/11/6,46881 
2015/11/7,47571 
2015/11/8,48411 
2015/11/9,47820 
2015/11/10,47915 
2015/11/11,39430 
2015/11/12,41090 
2015/11/13,41010 
2015/11/14,41580 
2015/11/15,40192 
2015/11/16,39850 
2015/11/17,41340 
2015/11/18,41400 
2015/11/19,40612 
2015/11/20,39850 
2015/11/21,40380 
2015/11/22,40223 
2015/11/23,40016 
2015/11/24,39290 
2015/11/25,40599 
2015/11/26,43898 
2015/11/27,43520 
2015/11/28,43862 
2015/11/29,44078 
2015/11/30,46050 
2015/12/1,44950 
2015/12/2,43364 
2015/12/3,45360 
2015/12/4,44250 
2015/12/5,45750 
2015/12/6,48600 
2015/12/7,49250 
2015/12/8,48959 
2015/12/9,51690 
2015/12/10,50499 
2015/12/11,52820 
2015/12/12,51660 
2015/12/13,53244 
2015/12/14,54053 
2015/12/15,56188 
2015/12/16,55981 
2015/12/17,55740 
2015/12/18,56140 
2015/12/19,56101 
2015/12/20,52676 
2015/12/21,52761 
2015/12/22,52912 
2015/12/23,53480 
2015/12/24,54961 
2015/12/25,55188 
2015/12/26,50570 
2015/12/27,51250 
2015/12/28,52160 
2015/12/29,50890 
2015/12/30,52118 
2015/12/31,51052 
2016/1/1,52320 
2016/1/2,52138 
2016/1/3,51782 
2016/1/4,51530 
2016/1/5,51800 
2016/1/6,51175 
2016/1/7,53526 
2016/1/8,53617 
2016/1/9,52880 
2016/1/10,52560 
2016/1/11,52555 
2016/1/12,52560 
2016/1/13,50971 
2016/1/14,50916 
2016/1/15,46650 
2016/1/16,43560 
2016/1/17,44722 
2016/1/18,45703 
2016/1/19,45174 
2016/1/20,48724 
2016/1/21,48430 
2016/1/22,45011 
2016/1/23,45887 
2016/1/24,48067 
2016/1/25,46681 
2016/1/26,46350 
2016/1/27,46938 
2016/1/28,45241 
2016/1/29,46094 
2016/1/30,46081 
2016/1/31,45120 
2016/2/1,45265 
2016/2/2,45030 
2016/2/3,44160 
2016/2/4,46345 
2016/2/5,45513 
2016/2/6,44460 
2016/2/7,44468 
2016/2/8,43901 
2016/2/9,43840 
2016/2/10,44040 
2016/2/11,43199 
2016/2/12,44044 
2016/2/13,44739 
2016/2/14,46104 
2016/2/15,45905 
2016/2/16,46650 
2016/2/17,48020 
2016/2/18,48644 
2016/2/19,48080 
2016/2/20,50320 
2016/2/21,50020 
2016/2/22,50189 
2016/2/23,47850 
2016/2/24,47846 
2016/2/25,48390 
2016/2/26,49531 
2016/2/27,49702 
2016/2/28,49690 
2016/2/29,49926 
2016/3/1,49910 
2016/3/2,48861 
2016/3/3,48448 
2016/3/4,47250 
2016/3/5,45880 
2016/3/6,46840 
2016/3/7,47633 
2016/3/8,47128 
2016/3/9,47239 
2016/3/10,47481 
2016/3/11,47989 
2016/3/12,46810 
2016/3/13,47260 
2016/3/14,47730 
2016/3/15,47699 
2016/3/16,47711 
2016/3/17,47381 
2016/3/18,46218 
2016/3/19,46327 
2016/3/20,46677 
2016/3/21,46669 
2016/3/22,47249 
2016/3/23,47388 
2016/3/24,47550 
2016/3/25,47759 
2016/3/26,47797 
2016/3/27,48948 
2016/3/28,48822 
2016/3/29,47750 
2016/3/30,47710 
2016/3/31,47470 
2016/4/1,47461 
2016/4/2,47775 
2016/4/3,47762 
2016/4/4,47475 
2016/4/5,47556 
2016/4/6,47201 
2016/4/7,46526 
2016/4/8,46234 
2016/4/9,46066 
2016/4/10,46185 
2016/4/11,45988 
2016/4/12,46719 
2016/4/13,46583 
2016/4/14,46544 
2016/4/15,47040 
2016/4/16,47141 
2016/4/17,46850 
2016/4/18,46832 
2016/4/19,47630 
2016/4/20,48291 
2016/4/21,49245 
2016/4/22,49803 
2016/4/23,50284 
2016/4/24,51502 
2016/4/25,51385 
2016/4/26,51840 
2016/4/27,50430 
2016/4/28,49270 
2016/4/29,49179 
2016/4/30,47769 
2016/5/1,48322 
2016/5/2,47824 
2016/5/3,48627 
2016/5/4,48052 
2016/5/5,48389 
2016/5/6,49470 
2016/5/7,49359 
2016/5/8,49256 
2016/5/9,49759 
2016/5/10,49080 
2016/5/11,49135 
2016/5/12,49667 
2016/5/13,49669 
2016/5/14,49671 
2016/5/15,49642 
2016/5/16,49559 
2016/5/17,49346 
2016/5/18,49625 
2016/5/19,48549 
2016/5/20,48736 
2016/5/21,48801 
2016/5/22,48380 
2016/5/23,48614 
2016/5/24,49113 
2016/5/25,49519 
2016/5/26,49906 
2016/5/27,52550 
2016/5/28,59441 
2016/5/29,58680 
2016/5/30,59858 
2016/5/31,59600 
2016/6/1,59811 
2016/6/2,59184 
2016/6/3,61146 
2016/6/4,61277 
2016/6/5,61696 
2016/6/6,63042 
2016/6/7,62527 
2016/6/8,62695 
2016/6/9,61926 
2016/6/10,62304 
2016/6/11,63924 
2016/6/12,71762 
2016/6/13,75573 
2016/6/14,74117 
2016/6/15,74315 
2016/6/16,81921 
2016/6/17,79855 
2016/6/18,80361 
2016/6/19,80766 
2016/6/20,78260 
2016/6/21,69945 
2016/6/22,62693 
2016/6/23,66749 
2016/6/24,68610 
2016/6/25,68901 
2016/6/26,64696 
2016/6/27,66122 
2016/6/28,66969 
2016/6/29,66590 
2016/6/30,70056 
2016/7/1,70545 
2016/7/2,73297 
2016/7/3,68815 
2016/7/4,70834 
2016/7/5,68776 
2016/7/6,68820 
2016/7/7,64766 
2016/7/8,67329 
2016/7/9,66001 
2016/7/10,65355 
2016/7/11,66382 
2016/7/12,70473 
2016/7/13,68841 
2016/7/14,69312 
2016/7/15,69743 
2016/7/16,69798 
2016/7/17,71649 
2016/7/18,71395 
2016/7/19,71619 
2016/7/20,71289 
2016/7/21,70553 
2016/7/22,69095 
2016/7/23,69713 
2016/7/24,70270 
2016/7/25,69397 
2016/7/26,68858 
2016/7/27,69038 
2016/7/28,68616 
2016/7/29,67784 
2016/7/30,67179 
2016/7/31,64000 
2016/8/1,62490 
2016/8/2,51497 
2016/8/3,58040 
2016/8/4,58147 
2016/8/5,58671 
2016/8/6,60191 
2016/8/7,60788 
2016/8/8,61039 
2016/8/9,60660 
2016/8/10,60859 
2016/8/11,60358 
2016/8/12,60162 
2016/8/13,59880 
2016/8/14,58682 
2016/8/15,57946 
2016/8/16,58165 
2016/8/17,57920 
2016/8/18,57807 
2016/8/19,58145 
2016/8/20,58519 
2016/8/21,58428 
2016/8/22,59407 
2016/8/23,58775 
2016/8/24,58165 
2016/8/25,58072 
2016/8/26,58727 
2016/8/27,58191 
2016/8/28,58266 
2016/8/29,58565 
2016/8/30,59482 
2016/8/31,59193 
2016/9/1,59218 
2016/9/2,59455 
2016/9/3,62106 
2016/9/4,63088 
2016/9/5,62800 
2016/9/6,62295 
2016/9/7,62819 
2016/9/8,63836 
2016/9/9,64167 
2016/9/10,64394 
2016/9/11,62394 
2016/9/12,62091 
2016/9/13,62551 
2016/9/14,62727 
2016/9/15,62468 
2016/9/16,62600 
2016/9/17,62310 
2016/9/18,62759 
2016/9/19,62090 
2016/9/20,61967 
2016/9/21,60409 
2016/9/22,60265 
2016/9/23,61226 
2016/9/24,60919 
2016/9/25,60758 
2016/9/26,61213 
2016/9/27,61047 
2016/9/28,61126 
2016/9/29,61232 
2016/9/30,61927 
2016/10/1,62300 
2016/10/2,62015 
2016/10/3,62272 
2016/10/4,62774 
2016/10/5,63389 
2016/10/6,63643 
2016/10/7,63872 
2016/10/8,63979 
2016/10/9,63436 
2016/10/10,63810 
2016/10/11,66358 
2016/10/12,66539 
2016/10/13,66230 
2016/10/14,66920 
2016/10/15,66692 
2016/10/16,67023 
2016/10/17,66959 
2016/10/18,66920 
2016/10/19,65740 
2016/10/20,65800 
2016/10/21,66363 
2016/10/22,68921 
2016/10/23,68306 
2016/10/24,68891 
2016/10/25,68948 
2016/10/26,71799 
2016/10/27,72960 
2016/10/28,73332 
2016/10/29,76874 
2016/10/30,74241 
2016/10/31,75042 
2016/11/1,77127 
2016/11/2,77075 
2016/11/3,71260 
2016/11/4,73096 
2016/11/5,73196 
2016/11/6,74594 
2016/11/7,74331 
2016/11/8,75015 
2016/11/9,77297 
2016/11/10,76902 
2016/11/11,77002 
2016/11/12,76024 
2016/11/13,75600 
2016/11/14,76568 
2016/11/15,77508 
2016/11/16,80892 
2016/11/17,82000 
2016/11/18,83179 
2016/11/19,84101 
2016/11/20,81422 
2016/11/21,82825 
2016/11/22,84647 
2016/11/23,84529 
2016/11/24,84745 
2016/11/25,84950 
2016/11/26,84775 
2016/11/27,84457 
2016/11/28,84523 
2016/11/29,84705 
2016/11/30,87273 
2016/12/1,88750 
2016/12/2,91997 
2016/12/3,91300 
2016/12/4,91300 
2016/12/5,91226 
2016/12/6,90738 
2016/12/7,90241 
2016/12/8,89593 
2016/12/9,90329 
2016/12/10,90186 
2016/12/11,89822 
2016/12/12,91201 
2016/12/13,91775 
2016/12/14,91479 
2016/12/15,92410 
2016/12/16,93275 
2016/12/17,93819 
2016/12/18,93830 
2016/12/19,93891 
2016/12/20,95810 
2016/12/21,100035 
2016/12/22,105377 
2016/12/23,110662 
2016/12/24,108061 
2016/12/25,107455 
2016/12/26,108121 
2016/12/27,111462 
2016/12/28,117881 
2016/12/29,116864 
2016/12/30,115814 
2016/12/31,115846 
2017/1/1,120735 
2017/1/2,122210 
2017/1/3,122833 
2017/1/4,142704 
2017/1/5,117450 
2017/1/6,111794 
2017/1/7,109509 
2017/1/8,108288 
2017/1/9,105004 
2017/1/10,107224 
2017/1/11,90700 
2017/1/12,93101 
2017/1/13,95078 
2017/1/14,94427 
2017/1/15,94352 
2017/1/16,95430 
2017/1/17,103797 
2017/1/18,100714 
2017/1/19,102613 
2017/1/20,102768 
2017/1/21,105993 
2017/1/22,105670 
2017/1/23,105042 
2017/1/24,103302 
2017/1/25,102081 
2017/1/26,105599 
2017/1/27,105871 
2017/1/28,106120 
2017/1/29,105901 
2017/1/30,105830 
2017/1/31,109415 
2017/2/1,112846 
2017/2/2,116360 
2017/2/3,116856 
2017/2/4,117695 
2017/2/5,117651 
2017/2/6,117518 
2017/2/7,119905 
2017/2/8,122495 
2017/2/9,113797 
2017/2/10,113915 
2017/2/11,114912 
2017/2/12,114532 
2017/2/13,115530 
2017/2/14,116974 
2017/2/15,117647 
2017/2/16,119753 
2017/2/17,121510 
2017/2/18,121616 
2017/2/19,121290 
2017/2/20,123240 
2017/2/21,130995 
2017/2/22,130182 
2017/2/23,135800 
2017/2/24,136217 
2017/2/25,131196 
2017/2/26,134828 
2017/2/27,135350 
2017/2/28,138710 
2017/3/1,144035 
2017/3/2,147872 
2017/3/3,148937 
2017/3/4,147864 
2017/3/5,147950 
2017/3/6,148211 
2017/3/7,142801 
2017/3/8,135625 
2017/3/9,138800 
2017/3/10,135200 
2017/3/11,138360 
2017/3/12,143761 
2017/3/13,145330 
2017/3/14,144675 
2017/3/15,145150 
2017/3/16,137300 
2017/3/17,125510 
2017/3/18,108687 
2017/3/19,120051 
2017/3/20,121650 
2017/3/21,127454 
2017/3/22,118830 
2017/3/23,115810 
2017/3/24,103300 
2017/3/25,110564 
2017/3/26,108213 
2017/3/27,117000 
2017/3/28,117750 
2017/3/29,116610 
2017/3/30,116438 
2017/3/31,121339 
2017/4/1,122797 
2017/4/2,122925 
2017/4/3,128200 
2017/4/4,128488 
2017/4/5,127515 
2017/4/6,133491 
2017/4/7,134217 
2017/4/8,133730 
2017/4/9,135049 
2017/4/10,135100 
2017/4/11,135300 
2017/4/12,133100 
2017/4/13,130120 
2017/4/14,131478 
2017/4/15,131481 
2017/4/16,131850 
2017/4/17,132700 
2017/4/18,132686 
2017/4/19,133457 
2017/4/20,136450 
2017/4/21,138146 
2017/4/22,137631 
2017/4/23,137958 
2017/4/24,138140 
2017/4/25,141696 
2017/4/26,144287 
2017/4/27,147999 
2017/4/28,149000 
2017/4/29,147810 
2017/4/30,149740 
2017/5/1,161300 
2017/5/2,166426 
2017/5/3,169759 
2017/5/4,176975 
2017/5/5,175096 
2017/5/6,177580 
2017/5/7,182449 
2017/5/8,198772 
2017/5/9,208999 
2017/5/10,214560 
2017/5/11,214851 
2017/5/12,196404 
2017/5/13,207641 
2017/5/14,211700 
2017/5/15,207000 
2017/5/16,207453 
2017/5/17,214743 
2017/5/18,225500 
2017/5/19,233001 
2017/5/20,258900 
2017/5/21,261100 
2017/5/22,277713 
2017/5/23,295014 
2017/5/24,302905 
2017/5/25,280000 
2017/5/26,269000 
2017/5/27,255989 
2017/5/28,265257 
2017/5/29,273597 
2017/5/30,261000 
2017/5/31,265000 
2017/6/1,272999 
2017/6/2,278000 
2017/6/3,287500 
2017/6/4,286000 
2017/6/5,303401 
2017/6/6,318988 
2017/6/7,294199 
2017/6/8,308770 
2017/6/9,313000 
2017/6/10,319299 
2017/6/11,329050 
2017/6/12,312775 
2017/6/13,304130 
2017/6/14,287850 
2017/6/15,283202 
2017/6/16,284580 
2017/6/17,302002 
2017/6/18,286300 
2017/6/19,293601 
2017/6/20,296976 
2017/6/21,299799 
2017/6/22,303101 
2017/6/23,305599 
2017/6/24,292500 
2017/6/25,293400 
2017/6/26,287100 
2017/6/27,284200 
2017/6/28,288625 
2017/6/29,284610 
2017/6/30,281633 
2017/7/1,276600 
2017/7/2,281330 
2017/7/3,287924 
2017/7/4,292501 
2017/7/5,292127 
2017/7/6,293850 
2017/7/7,288084 
2017/7/8,291821 
2017/7/9,288855 
2017/7/10,273753 
2017/7/11,266592 
2017/7/12,272350 
2017/7/13,267990 
2017/7/14,253540 
2017/7/15,226451 
2017/7/16,216022 
2017/7/17,255000 
2017/7/18,258599 
2017/7/19,255500 
2017/7/20,313945 
2017/7/21,289830 
2017/7/22,309004 
2017/7/23,304815 
2017/7/24,307596 
2017/7/25,286300 
2017/7/26,283240 
2017/7/27,294441 
2017/7/28,308750 
2017/7/29,302240 
2017/7/30,305242 
2017/7/31,324260 
2017/8/1,304219 
2017/8/2,301419 
2017/8/3,309191 
2017/8/4,319330 
2017/8/5,362700 
2017/8/6,358949 
2017/8/7,380398 
2017/8/8,384001 
2017/8/9,373227 
2017/8/10,376266 
2017/8/11,399501 
2017/8/12,429944 
2017/8/13,451101 
2017/8/14,477100 
2017/8/15,465571 
2017/8/16,485555 
2017/8/17,471243 
2017/8/18,455540 
2017/8/19,458358 
2017/8/20,449300 
2017/8/21,433266 
2017/8/22,451782 
2017/8/23,454324 
2017/8/24,472740 
2017/8/25,476820 
2017/8/26,474401 
2017/8/27,477244 
2017/8/28,478330 
2017/8/29,499600 
2017/8/30,503825 
2017/8/31,523300 
2017/9/1,547797 
2017/9/2,516000 
2017/9/3,522530 
2017/9/4,485001 
2017/9/5,493900 
2017/9/6,506347 
2017/9/7,502110 
2017/9/8,479712 
2017/9/9,466300 
2017/9/10,456000 
2017/9/11,459300 
2017/9/12,458799 
2017/9/13,425554 
2017/9/14,313500 
2017/9/15,416530 
2017/9/16,405795 
2017/9/17,401879 
2017/9/18,452270 
2017/9/19,429414 
2017/9/20,431999 
2017/9/21,409647 
2017/9/22,404830 
2017/9/23,424299 
2017/9/24,412640 
2017/9/25,435637 
2017/9/26,430299 
2017/9/27,468510 
2017/9/28,465990 
2017/9/29,463158 
2017/9/30,485219 
2017/10/1,488150 
2017/10/2,493588 
2017/10/3,488000 
2017/10/4,475976 
2017/10/5,484414 
2017/10/6,490960 
2017/10/7,493181 
2017/10/8,512458 
2017/10/9,532068 
2017/10/10,536000 
2017/10/11,537859 
2017/10/12,614500 
2017/10/13,631533 
2017/10/14,648460 
2017/10/15,638776 
2017/10/16,641822 
2017/10/17,629768 
2017/10/18,629000 
2017/10/19,637865 
2017/10/20,675038 
2017/10/21,685547 
2017/10/22,681259 
2017/10/23,671481 
2017/10/24,625146 
2017/10/25,641808 
2017/10/26,667900 
2017/10/27,653230 
2017/10/28,646110 
2017/10/29,687656 
2017/10/30,682911 
2017/10/31,727720 
2017/11/1,769400 
2017/11/2,808225 
2017/11/3,825280 
2017/11/4,844824 
2017/11/5,847468 
2017/11/6,814151 
2017/11/7,815856 
2017/11/8,857001 
2017/11/9,819697 
2017/11/10,744342 
2017/11/11,720794 
2017/11/12,666314 
2017/11/13,756290 
2017/11/14,762731 
2017/11/15,827466 
2017/11/16,887343 
2017/11/17,868427 
2017/11/18,876064 
2017/11/19,896998 
2017/11/20,930927 
2017/11/21,914374 
2017/11/22,918659 
2017/11/23,893020 
2017/11/24,915275 
2017/11/25,973888 
2017/11/26,1037890 
2017/11/27,1084600 
2017/11/28,1141802 
2017/11/29,1137895 
2017/11/30,1174880 
2017/12/1,1235687 
2017/12/2,1232714 
2017/12/3,1282000 
2017/12/4,1303906 
2017/12/5,1325500 
2017/12/6,1563054 
2017/12/7,2210000 
2017/12/8,1986009 
2017/12/9,1790776 
2017/12/10,1737398 
2017/12/11,1932962 
2017/12/12,1963999 
2017/12/13,1897236 
2017/12/14,1910738 
2017/12/15,2021949 
2017/12/16,2198958 
2017/12/17,2203500 
2017/12/18,2167489 
2017/12/19,2099999 
2017/12/20,1940798 
2017/12/21,1924590 
2017/12/22,1699450 
2017/12/23,1750477 
2017/12/24,1613985 
2017/12/25,1605000 
2017/12/26,1828770 
2017/12/27,1789005 
2017/12/28,1698979 
2017/12/29,1723501 
2017/12/30,1520180 
2017/12/31,1673600 
2018/1/1,1635320 
2018/1/2,1725726 
2018/1/3,1756861 
2018/1/4,1832028 
2018/1/5,1996000 
2018/1/6,1991979 
2018/1/7,1944975 
2018/1/8,1861375 
2018/1/9,1844541 
2018/1/10,1830351 
2018/1/11,1660000 
2018/1/12,1687004 
2018/1/13,1744658 
2018/1/14,1690950 
2018/1/15,1679209 
2018/1/16,1303536 
2018/1/17,1286351 
2018/1/18,1288790 
2018/1/19,1310005 
2018/1/20,1445468 
2018/1/21,1304989 
2018/1/22,1222150 
2018/1/23,1202968 
2018/1/24,1246799 
2018/1/25,1235505 
2018/1/26,1182999 
2018/1/27,1252440 
2018/1/28,1266010 
2018/1/29,1218143 
2018/1/30,1085000 
2018/1/31,1108417 
2018/2/1,964000 
2018/2/2,954291 
2018/2/3,997080 
2018/2/4,890468 
2018/2/5,741000 
2018/2/6,841751 
2018/2/7,823714 
2018/2/8,896989 
2018/2/9,953639 
2018/2/10,940442 
2018/2/11,887384 
2018/2/12,972007 
2018/2/13,924633 
2018/2/14,1015216 
2018/2/15,1075434 
2018/2/16,1089298 
2018/2/17,1188036 
2018/2/18,1117984 
2018/2/19,1202004 
2018/2/20,1217180 
2018/2/21,1149988 
2018/2/22,1055610 
2018/2/23,1094321 
2018/2/24,1049365 
2018/2/25,1033590 
2018/2/26,1108380 
2018/2/27,1142979 
2018/2/28,1105021 
2018/3/1,1161983 
2018/3/2,1170125 
2018/3/3,1214103 
2018/3/4,1209365 
2018/3/5,1225810 
2018/3/6,1137737 
2018/3/7,1051214 
2018/3/8,999330 
2018/3/9,996405 
2018/3/10,950000 
2018/3/11,1025265 
2018/3/12,979290 
2018/3/13,983020 
2018/3/14,881601 
2018/3/15,886506 
2018/3/16,883517 
2018/3/17,843070 
2018/3/18,869677 
2018/3/19,925880 
2018/3/20,960000 
2018/3/21,950000 
2018/3/22,922014 
2018/3/23,944499 
2018/3/24,905978 
2018/3/25,894936 
2018/3/26,867391 
2018/3/27,828715 
2018/3/28,852101 
2018/3/29,750367 
2018/3/30,729449 
2018/3/31,744025 
2018/4/1,727792 
2018/4/2,752438 
2018/4/3,795552 
2018/4/4,730003 
2018/4/5,730720 
2018/4/6,711892 
2018/4/7,738237 
2018/4/8,752293 
2018/4/9,726910 
2018/4/10,733827 
2018/4/11,742231 
2018/4/12,849555 
2018/4/13,846501 
2018/4/14,859000 
2018/4/15,901500 
2018/4/16,865466 
2018/4/17,848360 
2018/4/18,876662 
2018/4/19,892257 
2018/4/20,956500 
2018/4/21,959572 
2018/4/22,948525 
2018/4/23,974000 
2018/4/24,1059800 
2018/4/25,970000 
2018/4/26,1007348 
2018/4/27,974206 
2018/4/28,1003849 
2018/4/29,1019860 
2018/4/30,1010790 
2018/5/1,995247 
2018/5/2,1009408 
2018/5/3,1060422 
2018/5/4,1054800 
2018/5/5,1072007 
2018/5/6,1049479 
2018/5/7,1018771 
2018/5/8,995400 
2018/5/9,1015444 
2018/5/10,981950 
2018/5/11,913999 
2018/5/12,928209 
2018/5/13,954446 
2018/5/14,954500 
2018/5/15,936657 
2018/5/16,921997 
2018/5/17,894214 
2018/5/18,914768 
2018/5/19,911908 
2018/5/20,944490 
2018/5/21,933700 
2018/5/22,891680 
2018/5/23,830500 
2018/5/24,831994 
2018/5/25,822243 
2018/5/26,809200 
2018/5/27,810874 
2018/5/28,780542 
2018/5/29,814034 
2018/5/30,806049 
2018/5/31,816163 
2018/6/1,823764 
2018/6/2,832000 
2018/6/3,846108 
2018/6/4,825495 
2018/6/5,837110 
2018/6/6,844654 
2018/6/7,844943 
2018/6/8,835944 
2018/6/9,824700 
2018/6/10,745000 
2018/6/11,764285 
2018/6/12,729990 
2018/6/13,702000 
2018/6/14,737999 
2018/6/15,711596 
2018/6/16,721001 
2018/6/17,716078 
2018/6/18,739806 
2018/6/19,743575 
2018/6/20,747300 
2018/6/21,741243 
2018/6/22,675980 
2018/6/23,684326 
2018/6/24,679992 
2018/6/25,690637 
2018/6/26,673064 
2018/6/27,679146 
2018/6/28,653499 
2018/6/29,686266 
2018/6/30,708181 
2018/7/1,703681 
2018/7/2,733500 
2018/7/3,719617 
2018/7/4,727595 
2018/7/5,722570 
2018/7/6,728865 
2018/7/7,741807 
2018/7/8,738231 
2018/7/9,738503 
2018/7/10,700989 
2018/7/11,715724 
2018/7/12,703320 
2018/7/13,699000 
2018/7/14,703009 
2018/7/15,713100 
2018/7/16,756995 
2018/7/17,822397 
2018/7/18,823605 
2018/7/19,834726 
2018/7/20,819892 
2018/7/21,825010 
2018/7/22,823501 
2018/7/23,860318 
2018/7/24,931863 
2018/7/25,904090 
2018/7/26,878897 
2018/7/27,908061 
2018/7/28,909700 
2018/7/29,907725 
2018/7/30,902578 
2018/7/31,861991 
2018/8/1,847776 
2018/8/2,841000 
2018/8/3,823796 
2018/8/4,780152 
2018/8/5,782614 
2018/8/6,771111 
2018/8/7,748608 
2018/8/8,696036 
2018/8/9,727133 
2018/8/10,685317 
2018/8/11,691919 
2018/8/12,701387 
2018/8/13,695829 
2018/8/14,689388 
2018/8/15,693135 
2018/8/16,703784 
2018/8/17,729042 
2018/8/18,709028 
2018/8/19,716759 
2018/8/20,691622 
2018/8/21,714082 
2018/8/22,704000 
2018/8/23,725049 
2018/8/24,743130 
2018/8/25,747348 
2018/8/26,745667 
2018/8/27,765480 
2018/8/28,786783 
2018/8/29,783656 
2018/8/30,776226 
2018/8/31,777195 
2018/9/1,798557 
2018/9/2,809923 
2018/9/3,805796 
2018/9/4,818782 
2018/9/5,743000 
2018/9/6,718468 
2018/9/7,711586 
2018/9/8,689333 
2018/9/9,691935 
2018/9/10,700705 
2018/9/11,701486 
2018/9/12,703648 
2018/9/13,727046 
2018/9/14,725923 
2018/9/15,729500 
2018/9/16,727098 
2018/9/17,698797 
2018/9/18,710599 
2018/9/19,712522 
2018/9/20,727854 
2018/9/21,757653 
2018/9/22,754160 
2018/9/23,752993 
2018/9/24,741351 
2018/9/25,725698 
2018/9/26,728368 
2018/9/27,755162 
2018/9/28,751915 
2018/9/29,747964 
2018/9/30,750600 
2018/10/1,747699 
2018/10/2,737401 
2018/10/3,739940 
2018/10/4,745550 
2018/10/5,748573 
2018/10/6,745978 
2018/10/7,747052 
2018/10/8,747399 
2018/10/9,745697 
2018/10/10,732494 
2018/10/11,691512 
2018/10/12,696700 
2018/10/13,697003 
2018/10/14,695424 
2018/10/15,720796 
2018/10/16,726734 
2018/10/17,725895 
2018/10/18,718094 
2018/10/19,718992 
2018/10/20,720741 
2018/10/21,721676 
2018/10/22,722260 
2018/10/23,717528 
2018/10/24,718583 
2018/10/25,717445 
2018/10/26,716625 
2018/10/27,716700 
2018/10/28,717000 
2018/10/29,703190 
2018/10/30,707883 
2018/10/31,711545 
2018/11/1,713733 
2018/11/2,717612 
2018/11/3,716487 
2018/11/4,725398 
2018/11/5,724217 
2018/11/6,729558 
2018/11/7,736824 
2018/11/8,727800 
2018/11/9,720000 
2018/11/10,721247 
2018/11/11,722837 
2018/11/12,719645 
2018/11/13,713419 
2018/11/14,649343 
2018/11/15,635263 
2018/11/16,623042 
2018/11/17,623247 
2018/11/18,628964 
2018/11/19,535867 
2018/11/20,493334 
2018/11/21,513389 
2018/11/22,483488 
2018/11/23,485403 
2018/11/24,427001 
2018/11/25,446132 
2018/11/26,425000 
2018/11/27,430120 
2018/11/28,480984 
2018/11/29,482258 
2018/11/30,451333 
2018/12/1,471031 
2018/12/2,466647 
2018/12/3,436430 
2018/12/4,441161 
2018/12/5,418970 
2018/12/6,389259 
2018/12/7,381291 
2018/12/8,383960 
2018/12/9,398070 
2018/12/10,387445 
2018/12/11,380145 
2018/12/12,388669 
2018/12/13,371234 
2018/12/14,362244 
2018/12/15,360451 
2018/12/16,362693 
2018/12/17,394477 
2018/12/18,412597 
2018/12/19,413390 
2018/12/20,453368 
2018/12/21,426956 
2018/12/22,442870 
2018/12/23,438405 
2018/12/24,445237 
2018/12/25,417999 
2018/12/26,424047 
2018/12/27,399400 
2018/12/28,429351 
2018/12/29,413249 
2018/12/30,423421 
2018/12/31,406995 
2019/1/1,419299 
2019/1/2,417760 
2019/1/3,408800 
2019/1/4,414604 
2019/1/5,412408 
2019/1/6,438294 
2019/1/7,434499 
2019/1/8,434938 
2019/1/9,433332 
2019/1/10,393876 
2019/1/11,395305 
2019/1/12,393909 
2019/1/13,381873 
2019/1/14,397000 
2019/1/15,390100 
2019/1/16,394024 
2019/1/17,397252 
2019/1/18,396762 
2019/1/19,404771 
2019/1/20,388607 
2019/1/21,387778 
2019/1/22,391060 
2019/1/23,389000 
2019/1/24,391350 
2019/1/25,389999 
2019/1/26,389483 
2019/1/27,386442 
2019/1/28,374884 
2019/1/29,371160 
2019/1/30,373707 
2019/1/31,370400 
2019/2/1,375637 
2019/2/2,378887 
2019/2/3,373695 
2019/2/4,374521 
2019/2/5,376402 
2019/2/6,369749 
2019/2/7,368506 
2019/2/8,396319 
2019/2/9,395754 
2019/2/10,398468 
2019/2/11,394797 
2019/2/12,395085 
2019/2/13,395099 
2019/2/14,392999 
2019/2/15,393923 
2019/2/16,395229 
2019/2/17,400000 
2019/2/18,427531 
2019/2/19,429982 
2019/2/20,435816 
2019/2/21,432185 
2019/2/22,435789 
2019/2/23,453900 
2019/2/24,413712 
2019/2/25,423575 
2019/2/26,419629 
2019/2/27,421267 
2019/2/28,422865 
2019/3/1,425943 
2019/3/2,426039 
2019/3/3,423661 
2019/3/4,413871 
2019/3/5,429450 
2019/3/6,429848 
2019/3/7,430100 
2019/3/8,427484 
2019/3/9,435287 
2019/3/10,433206 
2019/3/11,428795 
2019/3/12,429580 
2019/3/13,428300 
2019/3/14,430167 
2019/3/15,434178 
2019/3/16,443635 
2019/3/17,441454 
2019/3/18,442176 
2019/3/19,445064 
2019/3/20,445814 
2019/3/21,440825 
2019/3/22,438504 
2019/3/23,438500 
2019/3/24,436971 
2019/3/25,429928 
2019/3/26,433151 
2019/3/27,444477 
2019/3/28,443222 
2019/3/29,452501 
2019/3/30,453000 
2019/3/31,453417 
2019/4/1,460500 
2019/4/2,545469 
2019/4/3,555300 
2019/4/4,548000 
2019/4/5,562532 
2019/4/6,563489 
2019/4/7,579725 
2019/4/8,588520 
2019/4/9,576941 
2019/4/10,591143 
2019/4/11,564000 
2019/4/12,569500 
2019/4/13,568149 
2019/4/14,577520 
2019/4/15,563693 
2019/4/16,582001 
2019/4/17,584418 
2019/4/18,591395 
2019/4/19,591375 
2019/4/20,595646 
2019/4/21,594101 
2019/4/22,603102 
2019/4/23,619737 
2019/4/24,611480 
2019/4/25,579000 
2019/4/26,579700 
2019/4/27,579990 
2019/4/28,579000 
2019/4/29,577863 
2019/4/30,587393 
2019/5/1,593000 
2019/5/2,601458 
2019/5/3,627765 
2019/5/4,640362 
2019/5/5,632870 
2019/5/6,629700 
2019/5/7,635000 
2019/5/8,653899 
2019/5/9,674664 
2019/5/10,698820 
2019/5/11,798000 
2019/5/12,766297 
2019/5/13,855542 
2019/5/14,877000 
2019/5/15,897006 
2019/5/16,867106 
2019/5/17,811041 
2019/5/18,801006 
2019/5/19,899774 
2019/5/20,878650 
2019/5/21,879734 
2019/5/22,844000 
2019/5/23,863494 
2019/5/24,874415 
2019/5/25,883875 
2019/5/26,953475 
2019/5/27,960100 
2019/5/28,952867 
2019/5/29,948273 
2019/5/30,907386 
2019/5/31,928180 
2019/6/1,925022 
2019/6/2,946500 
2019/6/3,879237 
2019/6/4,831424 
2019/6/5,844971 
2019/6/6,846012 
2019/6/7,867670 
2019/6/8,860954 
2019/6/9,833600 
2019/6/10,870015 
2019/6/11,860725 
2019/6/12,886889 
2019/6/13,893750 
2019/6/14,944847 
2019/6/15,959450 
2019/6/16,977299 
2019/6/17,1013696 
2019/6/18,986025 
2019/6/19,1002024 
2019/6/20,1023420 
2019/6/21,1095000 
2019/6/22,1145500 
2019/6/23,1163505 
2019/6/24,1180700 
2019/6/25,1262333 
2019/6/26,1399251 
2019/6/27,1221271 
2019/6/28,1342710 
2019/6/29,1290768 
2019/6/30,1172840 
2019/7/1,1156299 
2019/7/2,1173500 
2019/7/3,1291931 
2019/7/4,1206000 
2019/7/5,1198483 
2019/7/6,1223944 
2019/7/7,1246467 
2019/7/8,1335843 
2019/7/9,1370000 
2019/7/10,1313605 
2019/7/11,1237000 
2019/7/12,1278534 
2019/7/13,1234824 
2019/7/14,1103883 
2019/7/15,1177393 
2019/7/16,1021334 
2019/7/17,1045283 
2019/7/18,1144998 
2019/7/19,1134597 
2019/7/20,1160000 
2019/7/21,1142766 
2019/7/22,1114925 
2019/7/23,1067523 
2019/7/24,1056426 
2019/7/25,1073176 
2019/7/26,1070599 
2019/7/27,1031500 
2019/7/28,1036120 
2019/7/29,1035395 
2019/7/30,1041900 
2019/7/31,1099269 
2019/8/1,1118400 
2019/8/2,1123000 
2019/8/3,1153754 
2019/8/4,1170258 
2019/8/5,1246972 
2019/8/6,1220262 
2019/8/7,1269227 
2019/8/8,1267904 
2019/8/9,1253947 
2019/8/10,1192882 
2019/8/11,1217696 
2019/8/12,1199458 
2019/8/13,1158871 
2019/8/14,1063000 
2019/8/15,1095055 
2019/8/16,1100020 
2019/8/17,1088953 
2019/8/18,1098880 
2019/8/19,1164274 
2019/8/20,1142357 
2019/8/21,1080771 
2019/8/22,1076343 
2019/8/23,1097352 
2019/8/24,1069511 
2019/8/25,1062294 
2019/8/26,1097674 
2019/8/27,1075910 
2019/8/28,1032192 
2019/8/29,1011000 
2019/8/30,1018178 
2019/8/31,1020001 
2019/9/1,1036267 
2019/9/2,1102000 
2019/9/3,1123856 
2019/9/4,1124541 
2019/9/5,1131641 
2019/9/6,1103530 
2019/9/7,1121490 
2019/9/8,1112171 
2019/9/9,1106945 
2019/9/10,1086657 
2019/9/11,1095555 
2019/9/12,1126914 
2019/9/13,1119558 
2019/9/14,1118737 
2019/9/15,1111526 
2019/9/16,1108663 
2019/9/17,1101600 
2019/9/18,1100344 
2019/9/19,1108999 
2019/9/20,1093999 
2019/9/21,1074107 
2019/9/22,1081500 
2019/9/23,1043745 
2019/9/24,918451 
2019/9/25,910557 
2019/9/26,869605 
2019/9/27,886900 
2019/9/28,887254 
2019/9/29,869799 
2019/9/30,897247 
2019/10/1,896699 
2019/10/2,899088 
2019/10/3,881977 
2019/10/4,873171 
2019/10/5,872594 
2019/10/6,841354 
2019/10/7,879300 
2019/10/8,874804 
2019/10/9,919414 
2019/10/10,926444 
2019/10/11,898149 
2019/10/12,901833 
2019/10/13,899998 
2019/10/14,905500 
2019/10/15,887464 
2019/10/16,869340 
2019/10/17,877000 
2019/10/18,862890 
2019/10/19,863000 
2019/10/20,891400 
2019/10/21,891947 
2019/10/22,870050 
2019/10/23,812309 
2019/10/24,807310 
2019/10/25,940000 
2019/10/26,1002159 
2019/10/27,1037500 
2019/10/28,1003920 
2019/10/29,1025514 
2019/10/30,997247 
2019/10/31,988920 
2019/11/1,999769 
2019/11/2,1006460 
2019/11/3,996034 
2019/11/4,1021915 
2019/11/5,1015450 
2019/11/6,1015935 
2019/11/7,1006170 
2019/11/8,957397 
2019/11/9,962771 
2019/11/10,986500 
2019/11/11,950719 
2019/11/12,960000 
2019/11/13,953321 
2019/11/14,936240 
2019/11/15,921483 
2019/11/16,923400 
2019/11/17,925304 
2019/11/18,888914 
2019/11/19,880856 
2019/11/20,876921 
2019/11/21,827661 
2019/11/22,791420 
2019/11/23,796490 
2019/11/24,752676 
2019/11/25,776240 
2019/11/26,781873 
2019/11/27,822380 
2019/11/28,814000 
2019/11/29,849890 
2019/11/30,827393 
2019/12/1,811428 
2019/12/2,796925 
2019/12/3,792786 
2019/12/4,784410 
2019/12/5,803858 
2019/12/6,818480 
2019/12/7,814301 
2019/12/8,816707 
2019/12/9,797959 
2019/12/10,785869 
2019/12/11,782164 
2019/12/12,786190 
2019/12/13,792353 
2019/12/14,773304 
2019/12/15,777016 
2019/12/16,754693 
2019/12/17,724800 
2019/12/18,798000 
2019/12/19,779042 
2019/12/20,786600 
2019/12/21,781592 
2019/12/22,821550 
2019/12/23,800320 
2019/12/24,793410 
2019/12/25,787145 
2019/12/26,788330 
2019/12/27,792233 
2019/12/28,799490 
2019/12/29,807988 
2019/12/30,787115 
2019/12/31,779450 
2020/1/1,780490 
2020/1/2,754800 
2020/1/3,792650 
2020/1/4,794060 
2020/1/5,793632 
2020/1/6,841539 
2020/1/7,883413 
2020/1/8,877290 
2020/1/9,854944 
2020/1/10,895000 
2020/1/11,875808 
2020/1/12,892350 
2020/1/13,887538 
2020/1/14,965570 
2020/1/15,964324 
2020/1/16,958730 
2020/1/17,980172 
2020/1/18,981000 
2020/1/19,957977 
2020/1/20,950811 
2020/1/21,957629 
2020/1/22,950633 
2020/1/23,918822 
2020/1/24,921808 
2020/1/25,911012 
2020/1/26,935530 
2020/1/27,969060 
2020/1/28,1022498 
2020/1/29,1011955 
2020/1/30,1031610 
2020/1/31,1013000 
2020/2/1,1015630 
2020/2/2,1010417 
2020/2/3,1008555 
2020/2/4,1003300 
2020/2/5,1053671 
2020/2/6,1070900 
2020/2/7,1076391 
2020/2/8,1086240 
2020/2/9,1110975 
2020/2/10,1081510 
2020/2/11,1123524 
2020/2/12,1136950 
2020/2/13,1124591 
2020/2/14,1137555 
2020/2/15,1087798 
2020/2/16,1091898 
2020/2/17,1066553 
2020/2/18,1118700 
2020/2/19,1068393 
2020/2/20,1076399 
2020/2/21,1082615 
2020/2/22,1078573 
2020/2/23,1111020 
2020/2/24,1071701 
2020/2/25,1027477 
2020/2/26,969750 
2020/2/27,965988 
2020/2/28,941169 
2020/2/29,923474 
2020/3/1,921118 
2020/3/2,968732 
2020/3/3,938769 
2020/3/4,944324 
2020/3/5,963345 
2020/3/6,966010 
2020/3/7,940979 
2020/3/8,837969 
2020/3/9,820200 
2020/3/10,830836 
2020/3/11,832286 
2020/3/12,518523 
2020/3/13,616477 
2020/3/14,565780 
2020/3/15,582228 
2020/3/16,547089 
2020/3/17,579625 
2020/3/18,588404 
2020/3/19,692529 
2020/3/20,690420 
2020/3/21,688958 
2020/3/22,647420 
2020/3/23,719500 
2020/3/24,752500 
2020/3/25,741720 
2020/3/26,737681 
2020/3/27,690539 
2020/3/28,677000 
2020/3/29,634000 
2020/3/30,692530 
2020/3/31,691824 
2020/4/1,714987 
2020/4/2,735176 
2020/4/3,732900 
2020/4/4,746176 
2020/4/5,737468 
2020/4/6,801357 
2020/4/7,784414 
2020/4/8,803139 
2020/4/9,793267 
2020/4/10,747000 
2020/4/11,749585 
2020/4/12,751793 
2020/4/13,739407 
2020/4/14,738259 
2020/4/15,713824 
2020/4/16,768443 
2020/4/17,757992 
2020/4/18,781254 
2020/4/19,768200 
2020/4/20,738350 
2020/4/21,740881 
2020/4/22,770246 
2020/4/23,805000 
2020/4/24,808353 
2020/4/25,813203 
2020/4/26,828532 
2020/4/27,836503 
2020/4/28,829452 
2020/4/29,937577 
2020/4/30,926749 
2020/5/1,946207 
2020/5/2,962121 
2020/5/3,952856 
2020/5/4,949894 
2020/5/5,962100 
2020/5/6,973484 
2020/5/7,1065810 
2020/5/8,1048000 
2020/5/9,1017000 
2020/5/10,934350 
2020/5/11,922489 
2020/5/12,945875 
2020/5/13,997533 
2020/5/14,1051000 
2020/5/15,996901 
2020/5/16,1005016 
2020/5/17,1037658 
2020/5/18,1044362 
2020/5/19,1053361 
2020/5/20,1025000 
2020/5/21,977238 
2020/5/22,988518 
2020/5/23,988442 
2020/5/24,941327 
2020/5/25,960276 
2020/5/26,951651 
2020/5/27,992287 
2020/5/28,1031382 
2020/5/29,1016000 
2020/5/30,1044453 
2020/5/31,1017920 
2020/6/1,1096827 
2020/6/2,1036567 
2020/6/3,1054000 
2020/6/4,1068556 
2020/6/5,1055001 
2020/6/6,1060890 
2020/6/7,1068671 
2020/6/8,1061999 
2020/6/9,1055000 
2020/6/10,1058435 
2020/6/11,991979 
2020/6/12,1019130 
2020/6/13,1018635 
2020/6/14,1002600 
2020/6/15,1014726 
2020/6/16,1023100 
2020/6/17,1012444 
2020/6/18,1004324 
2020/6/19,996198 
2020/6/20,1001500 
2020/6/21,993100 
2020/6/22,1035188 
2020/6/23,1024910 
2020/6/24,996110 
2020/6/25,991379 
2020/6/26,983990 
2020/6/27,969100 
2020/6/28,978725 
2020/6/29,989867 
2020/6/30,987501 
2020/7/1,992614 
2020/7/2,979088 
2020/7/3,976000 
2020/7/4,983699 
2020/7/5,977116 
2020/7/6,1003670 
2020/7/7,996689 
2020/7/8,1012852 
2020/7/9,991400 
2020/7/10,993856 
2020/7/11,988877 
2020/7/12,994403 
2020/7/13,991999 
2020/7/14,992629 
2020/7/15,984953 
2020/7/16,981001 
2020/7/17,981400 
2020/7/18,983008 
2020/7/19,987320 
2020/7/20,983258 
2020/7/21,1003851 
2020/7/22,1021745 
2020/7/23,1027000 
2020/7/24,1014790 
2020/7/25,1030800 
2020/7/26,1052800 
2020/7/27,1161005 
2020/7/28,1148483 
2020/7/29,1167267 
2020/7/30,1162795 
2020/7/31,1201369 
2020/8/1,1253271 
2020/8/2,1174208 
2020/8/3,1192787 
2020/8/4,1184018 
2020/8/5,1241698 
2020/8/6,1244183 
2020/8/7,1232000 
2020/8/8,1248210 
2020/8/9,1238888 
2020/8/10,1261304 
2020/8/11,1216669 
2020/8/12,1237245 
2020/8/13,1260576 
2020/8/14,1256372 
2020/8/15,1264963 
2020/8/16,1269993 
2020/8/17,1305300 
2020/8/18,1261745 
2020/8/19,1249355 
2020/8/20,1254681 
2020/8/21,1222031 
2020/8/22,1237485 
2020/8/23,1235514 
2020/8/24,1246899 
2020/8/25,1208500 
2020/8/26,1216528 
2020/8/27,1209211 
2020/8/28,1215522 
2020/8/29,1213351 
2020/8/30,1237375 
2020/8/31,1238000 
2020/9/1,1264036 
2020/9/2,1214808 
2020/9/3,1080764 
2020/9/4,1116228 
2020/9/5,1081637 
2020/9/6,1093172 
2020/9/7,1104509 
2020/9/8,1074006 
2020/9/9,1087081 
2020/9/10,1099446 
2020/9/11,1103947 
2020/9/12,1110235 
2020/9/13,1098495 
2020/9/14,1129458 
2020/9/15,1138456 
2020/9/16,1152172 
2020/9/17,1147388 
2020/9/18,1144683 
2020/9/19,1159267 
2020/9/20,1142239 
2020/9/21,1091082 
2020/9/22,1106570 
2020/9/23,1078788 
2020/9/24,1132018 
2020/9/25,1129490 
2020/9/26,1134774 
2020/9/27,1138923 
2020/9/28,1128478 
2020/9/29,1146293 
2020/9/30,1137292 
2020/10/1,1122000 
2020/10/2,1114512 
2020/10/3,1112500 
2020/10/4,1127500 
2020/10/5,1141000 
2020/10/6,1121836 
2020/10/7,1131100 
2020/10/8,1157278 
2020/10/9,1168819 
2020/10/10,1193168 
2020/10/11,1200341 
2020/10/12,1215729 
2020/10/13,1204407 
2020/10/14,1200316 
2020/10/15,1212122 
2020/10/16,1194529 
2020/10/17,1197535 
2020/10/18,1213557 
2020/10/19,1237405 
2020/10/20,1256584 
2020/10/21,1340410 
2020/10/22,1357938 
2020/10/23,1354399 
2020/10/24,1371544 
2020/10/25,1364513 
2020/10/26,1369830 
2020/10/27,1425690 
2020/10/28,1387544 
2020/10/29,1406387 
2020/10/30,1419400 
2020/10/31,1444796 
2020/11/1,1440440 
2020/11/2,1420894 
2020/11/3,1464000 
2020/11/4,1477239 
2020/11/5,1618413 
2020/11/6,1610001 
2020/11/7,1533211 
2020/11/8,1598834 
2020/11/9,1611570 
2020/11/10,1610899 
2020/11/11,1654168 
2020/11/12,1712447 
2020/11/13,1709518 
2020/11/14,1685924 
2020/11/15,1672023 
2020/11/16,1747522 
2020/11/17,1841189 
2020/11/18,1848331 
2020/11/19,1849940 
2020/11/20,1939507 
2020/11/21,1945098 
2020/11/22,1912616 
2020/11/23,1914938 
2020/11/24,1960390 
2020/11/25,1952334 
2020/11/26,1788077 
2020/11/27,1784100 
2020/11/28,1846869 
2020/11/29,1893175 
2020/11/30,2045665 
2020/12/1,1960119 
2020/12/2,2005987 
2020/12/3,2018000 
2020/12/4,1947001 
2020/12/5,1995555 
2020/12/6,2017360 
2020/12/7,1997150 
2020/12/8,1911000 
2020/12/9,1936500 
2020/12/10,1899694 
2020/12/11,1875668 
2020/12/12,1957880 
2020/12/13,1988187 
2020/12/14,1999890 
2020/12/15,2011544 
2020/12/16,2205000 
2020/12/17,2347031 
2020/12/18,2384389 
2020/12/19,2463470 
2020/12/20,2431406 
2020/12/21,2351534 
2020/12/22,2463800 
2020/12/23,2404487 
2020/12/24,2456106 
2020/12/25,2550404 
2020/12/26,2744500 
2020/12/27,2720240 
2020/12/28,2805000 
2020/12/29,2827954 
2020/12/30,2958167 
2020/12/31,2968795 
2021/1/1,3010800 
2021/1/2,3317996 
2021/1/3,3408276 
2021/1/4,3292693 
2021/1/5,3470021 
2021/1/6,3794965 
2021/1/7,4101108 
2021/1/8,4225304 
2021/1/9,4186509 
2021/1/10,3979170 
2021/1/11,3694473 
2021/1/12,3530466 
2021/1/13,3882383 
2021/1/14,4063030 
2021/1/15,3818830 
2021/1/16,3742517 
2021/1/17,3718340 
2021/1/18,3800000 
2021/1/19,3736570 
2021/1/20,3684869 
2021/1/21,3184433 
2021/1/22,3423812 
2021/1/23,3332124 
2021/1/24,3350424 
2021/1/25,3353886 
2021/1/26,3363982 
2021/1/27,3169444 
2021/1/28,3479050 
2021/1/29,3576069 
2021/1/30,3579626 
2021/1/31,3456656 
2021/2/1,3486653 
2021/2/2,3710745 
2021/2/3,3933826 
2021/2/4,3866243 
2021/2/5,4036257 
2021/2/6,4131000 
2021/2/7,4092086 
2021/2/8,4875000 
2021/2/9,4874233 
2021/2/10,4702444 
2021/2/11,5015560 
2021/2/12,4973709 
2021/2/13,4954980 
2021/2/14,5111984 
2021/2/15,5055269 
2021/2/16,5207275 
2021/2/17,5526975 
2021/2/18,5456000 
2021/2/19,5911243 
2021/2/20,5916593 
2021/2/21,6079938 
2021/2/22,5687123 
2021/2/23,5176658 
2021/2/24,5278563 
2021/2/25,5024202 
2021/2/26,4941439 
2021/2/27,4928833 
2021/2/28,4820000 
2021/3/1,5308636 
2021/3/2,5179561 
2021/3/3,5403023 
2021/3/4,5223621 
2021/3/5,5288600 
2021/3/6,5285300 
2021/3/7,5506516 
2021/3/8,5672908 
2021/3/9,5944000 
2021/3/10,6043320 
2021/3/11,6275454 
2021/3/12,6230001 
2021/3/13,6680000 
2021/3/14,6436535 
2021/3/15,6087726 
2021/3/16,6199369 
2021/3/17,6411592 
2021/3/18,6282060 
2021/3/19,6327712 
2021/3/20,6333656 
2021/3/21,6253848 
2021/3/22,5894455 
2021/3/23,5910200 
2021/3/24,5701302 
2021/3/25,5609843 
2021/3/26,6042500 
2021/3/27,6125000 
2021/3/28,6123773 
2021/3/29,6323324 
2021/3/30,6470044 
2021/3/31,6508304 
2021/4/1,6496500 
2021/4/2,6539265 
2021/4/3,6345350 
2021/4/4,6448651 
2021/4/5,6509447 
2021/4/6,6376618 
2021/4/7,6172602 
2021/4/8,6356405 
2021/4/9,6380272 
2021/4/10,6556004 
2021/4/11,6578585 
2021/4/12,6567250 
2021/4/13,6925000 
2021/4/14,6877778 
2021/4/15,6880000 
2021/4/16,6707828 
2021/4/17,6567503 
2021/4/18,6183588 
2021/4/19,6023463 
2021/4/20,6113757 
2021/4/21,5825183 
2021/4/22,5575270 
2021/4/23,5532234 
2021/4/24,5401874 
2021/4/25,5297648 
2021/4/26,5856666 
2021/4/27,5994000 
2021/4/28,5958710 
2021/4/29,5843493 
2021/4/30,6320000 
2021/5/1,6333500 
2021/5/2,6201631 
2021/5/3,6257167 
2021/5/4,5840000 
2021/5/5,6282003 
2021/5/6,6162985 
2021/5/7,6235370 
2021/5/8,6398654 
2021/5/9,6335150 
2021/5/10,6091288 
2021/5/11,6171417 
2021/5/12,5465663 
2021/5/13,5448830 
2021/5/14,5467820 
2021/5/15,5119637 
2021/5/16,5087808 
2021/5/17,4759999 
2021/5/18,4678949 
2021/5/19,4026138 
2021/5/20,4441300 
2021/5/21,4082988 
2021/5/22,4092900 
2021/5/23,3783661 
2021/5/24,4234327 
2021/5/25,4180751 
2021/5/26,4297698 
2021/5/27,4236850 
2021/5/28,3930002 
2021/5/29,3822069 
2021/5/30,3920605 
2021/5/31,4083455 
2021/6/1,4021000 
2021/6/2,4120176 
2021/6/3,4327000 
2021/6/4,4044706 
2021/6/5,3899450 
2021/6/6,3928699 
2021/6/7,3677468 
2021/6/8,3654700 
2021/6/9,4101256 
2021/6/10,4016156 
2021/6/11,4094685 
2021/6/12,3902996 
2021/6/13,4278249 
2021/6/14,4457873 
2021/6/15,4423174 
2021/6/16,4255054 
2021/6/17,4204003 
2021/6/18,3958669 
2021/6/19,3917150 
2021/6/20,3919723 
2021/6/21,3490846 
2021/6/22,3596647 
2021/6/23,3740959 
2021/6/24,3844100 
2021/6/25,3505346 
2021/6/26,3586652 
2021/6/27,3840830 
2021/6/28,3813979 
2021/6/29,3968198 
2021/6/30,3900000 
2021/7/1,3741328 
2021/7/2,3754712 
2021/7/3,3854321 
2021/7/4,3921388 
2021/7/5,3739033 
2021/7/6,3780000 
2021/7/7,3751927 
2021/7/8,3583193 
2021/7/9,3723920 
2021/7/10,3692116 
2021/7/11,3772000 
2021/7/12,3656342 
2021/7/13,3619789 
2021/7/14,3609660 
2021/7/15,3503330 
2021/7/16,3459141 
2021/7/17,3474367 
2021/7/18,3494352 
2021/7/19,3380579 
2021/7/20,3276000 
2021/7/21,3542668 
2021/7/22,3555000 
2021/7/23,3720011 
2021/7/24,3740000 
2021/7/25,3897751 
2021/7/26,4099000 
2021/7/27,4333864 
2021/7/28,4396326 
2021/7/29,4377710 
2021/7/30,4627607 
2021/7/31,4546388 
2021/8/1,4378000 
2021/8/2,4281000 
2021/8/3,4165429 
2021/8/4,4350000 
2021/8/5,4485000 
2021/8/6,4708477 
2021/8/7,4911625 
2021/8/8,4834501 
2021/8/9,5100244 
2021/8/10,5038669 
2021/8/11,5031705 
2021/8/12,4903825 
2021/8/13,5234999 
2021/8/14,5163907 
2021/8/15,5143330 
2021/8/16,5019039 
2021/8/17,4895017 
2021/8/18,4913000 
2021/8/19,5127834 
2021/8/20,5386824 
2021/8/21,5358003 
2021/8/22,5389358 
2021/8/23,5428951 
2021/8/24,5241647 
2021/8/25,5383889 
2021/8/26,5157976 
2021/8/27,5377352 
2021/8/28,5352931 
2021/8/29,5314447 
2021/8/30,5157915 
2021/8/31,5180461 
2021/9/1,5370667 
2021/9/2,5412000 
2021/9/3,5488567 
2021/9/4,5480003 
2021/9/5,5661974 
2021/9/6,5785000 
2021/9/7,5177076 
2021/9/8,5080007 
2021/9/9,5094996 
2021/9/10,4935382 
2021/9/11,4970421 
2021/9/12,5060487 
2021/9/13,4944019 
2021/9/14,5170158 
2021/9/15,5269514 
2021/9/16,5238769 
2021/9/17,5200215 
2021/9/18,5309564 
2021/9/19,5199215 
2021/9/20,4708805 
2021/9/21,4443155 
2021/9/22,4788586 
2021/9/23,4955000 
2021/9/24,4745957 
2021/9/25,4730000 
2021/9/26,4789654 
2021/9/27,4682099 
2021/9/28,4579191 
2021/9/29,4651215 
2021/9/30,4878202 
2021/10/1,5348191 
2021/10/2,5290268 
2021/10/3,5352884 
2021/10/4,5453102 
2021/10/5,5732959 
2021/10/6,6161731 
2021/10/7,6001452 
2021/10/8,6060792 
2021/10/9,6164000 
2021/10/10,6145272 
2021/10/11,6515000 
2021/10/12,6356779 
2021/10/13,6489795 
2021/10/14,6523400 
2021/10/15,7040846 
2021/10/16,6943502 
2021/10/17,7027457 
2021/10/18,7075066 
2021/10/19,7364000 
2021/10/20,7554774 
2021/10/21,7080185 
2021/10/22,6895333 
2021/10/23,6959294 
2021/10/24,6918403 
2021/10/25,7178427 
2021/10/26,6891979 
2021/10/27,6656683 
2021/10/28,6883415 
2021/10/29,7098467 
2021/10/30,7056438 
2021/10/31,7014554 
2021/11/1,6952339 
2021/11/2,7208405 
2021/11/3,7170190 
2021/11/4,6994236 
2021/11/5,6933000 
2021/11/6,6984000 
2021/11/7,7176000 
2021/11/8,7645000 
2021/11/9,7561725 
2021/11/10,7398000 
2021/11/11,7399876 
2021/11/12,7303811 
2021/11/13,7345075 
2021/11/14,7464023 
2021/11/15,7275045 
2021/11/16,6916993 
2021/11/17,6898760 
2021/11/18,6506871 
2021/11/19,6628505 
2021/11/20,6814224 
2021/11/21,6704801 
2021/11/22,6462030 
2021/11/23,6634996 
2021/11/24,6597510 
2021/11/25,6785379 
2021/11/26,6105810 
2021/11/27,6218028 
2021/11/28,6520466 
2021/11/29,6582982 
2021/11/30,6457586 
2021/12/1,6468000 
2021/12/2,6395063 
2021/12/3,6085192 
2021/12/4,5565198 
2021/12/5,5592857 
2021/12/6,5740000 
2021/12/7,5748085 
2021/12/8,5742250 
2021/12/9,5405886 
2021/12/10,5356514 
2021/12/11,5599377 
2021/12/12,5692461 
2021/12/13,5311515 
2021/12/14,5498520 
2021/12/15,5575096 
2021/12/16,5413000 
2021/12/17,5252765 
2021/12/18,5333119 
2021/12/19,5308906 
2021/12/20,5329099 
2021/12/21,5579913 
2021/12/22,5552609 
2021/12/23,5808562 
2021/12/24,5817441 
2021/12/25,5768595 
2021/12/26,5805338 
2021/12/27,5820883 
2021/12/28,5456831 
2021/12/29,5343060 
2021/12/30,5425747 
2021/12/31,5325242 
2022/1/1,5495000 
2022/1/2,5449625 
2022/1/3,5358524 
2022/1/4,5328098 
2022/1/5,5048182 
2022/1/6,4998900 
2022/1/7,4807016 
2022/1/8,4823412 
2022/1/9,4844534 
2022/1/10,4824475 
2022/1/11,4933686 
2022/1/12,5044043 
2022/1/13,4862046 
2022/1/14,4922738 
2022/1/15,4926803 
2022/1/16,4929153 
2022/1/17,4839249 
2022/1/18,4853936 
2022/1/19,4770212 
2022/1/20,4639894 
2022/1/21,4148838 
2022/1/22,3990005 
2022/1/23,4128789 
2022/1/24,4185000 
2022/1/25,4214180 
2022/1/26,4229766 
2022/1/27,4292436 
2022/1/28,4346669 
2022/1/29,4403373 
2022/1/30,4374133 
2022/1/31,4432335 
2022/2/1,4443671 
2022/2/2,4223411 
2022/2/3,4291293 
2022/2/4,4790000 
2022/2/5,4773827 
2022/2/6,4887930 
2022/2/7,5050001 
2022/2/8,5095904 
2022/2/9,5132628 
2022/2/10,5054853 
2022/2/11,4891511 
2022/2/12,4879636 
2022/2/13,4867892 
2022/2/14,4919826 
2022/2/15,5154017 
2022/2/16,5066235 
2022/2/17,4657141 
2022/2/18,4606074 
2022/2/19,4617713 
2022/2/20,4414087 
2022/2/21,4245285 
2022/2/22,4405370 
2022/2/23,4283443 
2022/2/24,4432578 
2022/2/25,4532137 
2022/2/26,4523999 
2022/2/27,4357255 
2022/2/28,4971301 
2022/3/1,5104356 
2022/3/2,5075614 
2022/3/3,4906652 
2022/3/4,4504751 
2022/3/5,4531796 
2022/3/6,4421060 
2022/3/7,4390272 
2022/3/8,4485235 
2022/3/9,4862323 
2022/3/10,4584098 
2022/3/11,4543814 
2022/3/12,4552679 
2022/3/13,4446469 
2022/3/14,4688164 
2022/3/15,4645941 
2022/3/16,4887411 
2022/3/17,4850262 
2022/3/18,4975235 
2022/3/19,5029838 
2022/3/20,4924073 
2022/3/21,4905627 
2022/3/22,5135045 
2022/3/23,5192533 
2022/3/24,5382461 
2022/3/25,5414668 
2022/3/26,5436112 
2022/3/27,5724823 
2022/3/28,5821658 
2022/3/29,5842088 
2022/3/30,5738529 
2022/3/31,5540000 
2022/4/1,5674997 
2022/4/2,5615109 
2022/4/3,5693890 
2022/4/4,5720000 
2022/4/5,5630025 
2022/4/6,5345255 
2022/4/7,5397922 
2022/4/8,5257774 
2022/4/9,5319300 
2022/4/10,5247739 
2022/4/11,4960897 
2022/4/12,5029088 
2022/4/13,5159821 
2022/4/14,5043000 
2022/4/15,5133258 
2022/4/16,5111569 
2022/4/17,5027866 
2022/4/18,5185662 
2022/4/19,5365371 
2022/4/20,5297305 
2022/4/21,5203080 
2022/4/22,5110008 
2022/4/23,5072742 
2022/4/24,5075600 
2022/4/25,5166670 
2022/4/26,4856122 
2022/4/27,5041282 
2022/4/28,5196977 
2022/4/29,5013086 
2022/4/30,4889956 
2022/5/1,5000401 
2022/5/2,5013597 
2022/5/3,4912827 
2022/5/4,5126510 
2022/5/5,4774492 
2022/5/6,4707124 
2022/5/7,4633426 
2022/5/8,4452629 
2022/5/9,3930157 
2022/5/10,4050648 
2022/5/11,3767372 
2022/5/12,3730335 
2022/5/13,3780782 
2022/5/14,3884639 
2022/5/15,4051702 
2022/5/16,3846621 
2022/5/17,3939033 
2022/5/18,3666628 
2022/5/19,3874998 
2022/5/20,3732754 
2022/5/21,3762852 
2022/5/22,3871138 
2022/5/23,3723114 
2022/5/24,3757205 
2022/5/25,3751496 
2022/5/26,3709973 
2022/5/27,3636753 
2022/5/28,3688235 
2022/5/29,3747454 
2022/5/30,4051397 
2022/5/31,4090869 
2022/6/1,3875105 
2022/6/2,3955681 
2022/6/3,3885999 
2022/6/4,3904501 
2022/6/5,3908524 
2022/6/6,4143000 
2022/6/7,4128468 
2022/6/8,4057150 
2022/6/9,4044534 
2022/6/10,3909892 
2022/6/11,3816527 
2022/6/12,3582369 
2022/6/13,3022450 
2022/6/14,2993222 
2022/6/15,3028131 
2022/6/16,2699210 
2022/6/17,2760047 
2022/6/18,2557404 
2022/6/19,2781391 
2022/6/20,2776542 
2022/6/21,2825420 
2022/6/22,2717974 
2022/6/23,2841759 
2022/6/24,2869229 
2022/6/25,2905004 
2022/6/26,2842692 
2022/6/27,2807387 
2022/6/28,2756864 
2022/6/29,2745502 
2022/6/30,2707746 
2022/7/1,2606426 
2022/7/2,2600900 
2022/7/3,2606656 
2022/7/4,2744174 
2022/7/5,2731520 
2022/7/6,2792717 
2022/7/7,2935584 
2022/7/8,2939209 
2022/7/9,2936574 
2022/7/10,2841968 
2022/7/11,2741180 
2022/7/12,2642522 
2022/7/13,2785035 
2022/7/14,2859721 
2022/7/15,2886497 
2022/7/16,2935070 
2022/7/17,2875300 
2022/7/18,3102938 
2022/7/19,3232731 
2022/7/20,3215121 
2022/7/21,3173551 
2022/7/22,3089790 
2022/7/23,3056032 
2022/7/24,3079947 
2022/7/25,2908522 
2022/7/26,2912351 
2022/7/27,3124543 
2022/7/28,3206956 
2022/7/29,3168503 
2022/7/30,3152799 
2022/7/31,3113082 
2022/8/1,3062150 
2022/8/2,3066846 
2022/8/3,3056663 
2022/8/4,3002820 
2022/8/5,3146349 
2022/8/6,3099964 
2022/8/7,3131328 
2022/8/8,3211079 
2022/8/9,3130000 
2022/8/10,3183701 
2022/8/11,3187322 
2022/8/12,3255377 
2022/8/13,3262927 
2022/8/14,3243334 
2022/8/15,3212126 
2022/8/16,3206856 
2022/8/17,3151340 
2022/8/18,3152377 
2022/8/19,2854385 
2022/8/20,2897228 
2022/8/21,2947952 
2022/8/22,2945000 
2022/8/23,2943127 
2022/8/24,2931406 
2022/8/25,2947465 
2022/8/26,2787390 
2022/8/27,2757153 
2022/8/28,2701936 
2022/8/29,2814876 
2022/8/30,2749512 
2022/8/31,2793446 
2022/9/1,2820499 
2022/9/2,2799562 
2022/9/3,2781451 
2022/9/4,2811351 
2022/9/5,2780498 
2022/9/6,2692083 
2022/9/7,2778171 
2022/9/8,2778088 
2022/9/9,3049401 
2022/9/10,3085471 
2022/9/11,3112029 
2022/9/12,3193180 
2022/9/13,2915000 
2022/9/14,2893442 
2022/9/15,2824620 
2022/9/16,2830184 
2022/9/17,2877543 
2022/9/18,2774493 
2022/9/19,2799301 
2022/9/20,2711477 
2022/9/21,2664383 
2022/9/22,2761600 
2022/9/23,2763014 
2022/9/24,2713000 
2022/9/25,2701054 
2022/9/26,2776622 
2022/9/27,2762000 
2022/9/28,2803485 
2022/9/29,2829945 
2022/9/30,2812125 
2022/10/1,2796384 
2022/10/2,2760294 
2022/10/3,2838285 
2022/10/4,2927755 
2022/10/5,2912383 
2022/10/6,2897339 
2022/10/7,2841529 
2022/10/8,2825055 
2022/10/9,2830176 
2022/10/10,2790180 
2022/10/11,2782585 
2022/10/12,2813409 
2022/10/13,2853000 
2022/10/14,2853200 
2022/10/15,2835160 
2022/10/16,2862432 
2022/10/17,2910832 
2022/10/18,2885000 
2022/10/19,2865542 
2022/10/20,2860981 
2022/10/21,2833900 
2022/10/22,2838888 
2022/10/23,2885417 
2022/10/24,2879844 
2022/10/25,2970628 
2022/10/26,3036098 
2022/10/27,2968206 
2022/10/28,3036616 
2022/10/29,3068097 
2022/10/30,3050229 
2022/10/31,3049897 
2022/11/1,3030463 
2022/11/2,2982300 
2022/11/3,2998245 
2022/11/4,3101621 
2022/11/5,3125000 
2022/11/6,3073397 
2022/11/7,3021568 
2022/11/8,2699474 
2022/11/9,2332774 
2022/11/10,2502222 
2022/11/11,2367945 
2022/11/12,2325204 
2022/11/13,2277235 
2022/11/14,2328565 
2022/11/15,2347670 
2022/11/16,2309925 
2022/11/17,2343997 
2022/11/18,2334873 
2022/11/19,2343447 
2022/11/20,2282000 
2022/11/21,2240670 
2022/11/22,2286096 
2022/11/23,2312995 
2022/11/24,2303333 
2022/11/25,2305000 
2022/11/26,2299982 
2022/11/27,2300220 
2022/11/28,2253660 
2022/11/29,2287500 
2022/11/30,2362402 
2022/12/1,2305821 
2022/12/2,2303630 
2022/12/3,2275003 
2022/12/4,2307133 
2022/12/5,2318756 
2022/12/6,2339146 
2022/12/7,2298160 
2022/12/8,2353209 
2022/12/9,2340123 
2022/12/10,2341846 
2022/12/11,2339354 
2022/12/12,2365869 
2022/12/13,2412550 
2022/12/14,2411599 
2022/12/15,2393138 
2022/12/16,2278357 
2022/12/17,2297103 
2022/12/18,2287667 
2022/12/19,2253070 
2022/12/20,2234548 
2022/12/21,2231173 
2022/12/22,2227277 
2022/12/23,2232669 
2022/12/24,2239307 
2022/12/25,2239193 
2022/12/26,2248064 
2022/12/27,2231887 
2022/12/28,2218908 
2022/12/29,2214791 
2022/12/30,2180500 
2022/12/31,2172002 
2023/1/1,2177871 
2023/1/2,2182712 
2023/1/3,2189471 
2023/1/4,2228779 
2023/1/5,2243978 
2023/1/6,2240905 
2023/1/7,2240863 
2023/1/8,2259908 
2023/1/9,2265058 
2023/1/10,2304503 
2023/1/11,2367045 
2023/1/12,2436200 
2023/1/13,2549133 
2023/1/14,2679034 
2023/1/15,2674422 
2023/1/16,2721136 
2023/1/17,2714156 
2023/1/18,2658512 
2023/1/19,2707959 
2023/1/20,2938122 
2023/1/21,2949635 
2023/1/22,2943351 
2023/1/23,2996204 
2023/1/24,2951571 
2023/1/25,2982604 
2023/1/26,2988503 
2023/1/27,2996919 
2023/1/28,2992830 
2023/1/29,3087116 
2023/1/30,2985000 
2023/1/31,3010686 
2023/2/1,3051950 
2023/2/2,3030000 
2023/2/3,3073100 
2023/2/4,3062004 
2023/2/5,3027559 
2023/2/6,3020949 
2023/2/7,3045857 
2023/2/8,3017881 
2023/2/9,2867992 
2023/2/10,2843050 
2023/2/11,2877345 
2023/2/12,2866372 
2023/2/13,2883883 
2023/2/14,2956396 
2023/2/15,3244685 
2023/2/16,3150757 
2023/2/17,3294909 
2023/2/18,3305448 
2023/2/19,3262962 
2023/2/20,3334159 
2023/2/21,3300966 
2023/2/22,3266057 
2023/2/23,3223476 
2023/2/24,3165630 
2023/2/25,3163298 
2023/2/26,3212382 
2023/2/27,3202008 
2023/2/28,3155487 
2023/3/1,3219804 
2023/3/2,3208255 
2023/3/3,3041398 
2023/3/4,3042057 
2023/3/5,3053563 
2023/3/6,3049487 
2023/3/7,3051466 
2023/3/8,2979241 
2023/3/9,2785210 
2023/3/10,2734625 
2023/3/11,2787271 
2023/3/12,2992420 
2023/3/13,3212000 
2023/3/14,3318143 
2023/3/15,3238181 
2023/3/16,3344269 
2023/3/17,3617348 
2023/3/18,3561299 
2023/3/19,3715454 
2023/3/20,3666000 
2023/3/21,3730781 
2023/3/22,3602128 
2023/3/23,3711965 
2023/3/24,3603421 
2023/3/25,3608253 
2023/3/26,3668268 
2023/3/27,3571686 
2023/3/28,3576392 
2023/3/29,3755596 
2023/3/30,3734098 
2023/3/31,3784690 
2023/4/1,3783219 
2023/4/2,3763080 
2023/4/3,3687595 
2023/4/4,3717669 
2023/4/5,3701778 
2023/4/6,3698808 
2023/4/7,3696600 
2023/4/8,3703068 
2023/4/9,3743182 
2023/4/10,3959923 
2023/4/11,4040001 
2023/4/12,3982952 
2023/4/13,4032263 
2023/4/14,4080672 
2023/4/15,4062215 
2023/4/16,4064763 
2023/4/17,3964881 
2023/4/18,4069238 
2023/4/19,3892717 
2023/4/20,3786395 
2023/4/21,3653999 
2023/4/22,3747203 
2023/4/23,3700577 
2023/4/24,3692780 
2023/4/25,3784757 
2023/4/26,3798454 
2023/4/27,3941705 
2023/4/28,3994190 
2023/4/29,3989272 
2023/4/30,3994407 
2023/5/1,3874008 
2023/5/2,3920109 
2023/5/3,3912377 
2023/5/4,3886824 
2023/5/5,3978937 
2023/5/6,3910233 
2023/5/7,3854000 
2023/5/8,3749546 
2023/5/9,3745548 
2023/5/10,3710539 
2023/5/11,3631400 
2023/5/12,3644175 
2023/5/13,3642905 
2023/5/14,3661103 
2023/5/15,3696375 
2023/5/16,3690000 
2023/5/17,3766200 
2023/5/18,3722175 
2023/5/19,3713953 
2023/5/20,3742624 
2023/5/21,3689384 
2023/5/22,3723183 
2023/5/23,3775965 
2023/5/24,3672548 
2023/5/25,3707576 
2023/5/26,3751657 
2023/5/27,3771486 
2023/5/28,3949850 
2023/5/29,3901319 
2023/5/30,3875840 
2023/5/31,3791972 
2023/6/1,3724377 
2023/6/2,3818565 
2023/6/3,3791875 
2023/6/4,3804525 
2023/6/5,3622477 
2023/6/6,3796828 
2023/6/7,3691264 
2023/6/8,3682994 
2023/6/9,3694335 
2023/6/10,3616972 
2023/6/11,3617743 
2023/6/12,3617500 
2023/6/13,3636575 
2023/6/14,3527546 
2023/6/15,3588969 
2023/6/16,3731094 
2023/6/17,3758828 
2023/6/18,3733287 
2023/6/19,3808251 
2023/6/20,3989313 
2023/6/21,4243545 
2023/6/22,4270108 
2023/6/23,4414947 
2023/6/24,4385591 
2023/6/25,4373306 
2023/6/26,4346227 
2023/6/27,4417000 
2023/6/28,4347325 
2023/6/29,4411000 
2023/6/30,4406154 
2023/7/1,4417384 
2023/7/2,4421771 
2023/7/3,4507418 
2023/7/4,4458715 
2023/7/5,4411269 
2023/7/6,4324818 
2023/7/7,4327017 
2023/7/8,4317120 
2023/7/9,4301411 
2023/7/10,4313057 
2023/7/11,4300221 
2023/7/12,4224194 
2023/7/13,4338692 
2023/7/14,4218700 
2023/7/15,4212783 
2023/7/16,4202429 
2023/7/17,4181225 
2023/7/18,4150669 
2023/7/19,4178477 
2023/7/20,4177437 
2023/7/21,4242095 
2023/7/22,4228999 
2023/7/23,4267111 
2023/7/24,4149026 
2023/7/25,4128955 
2023/7/26,4127044 
2023/7/27,4071612 
2023/7/28,4139895 
2023/7/29,4149497 
2023/7/30,4125453 
2023/7/31,4169048 
2023/8/1,4240596 
2023/8/2,4191990 
2023/8/3,4170585 
2023/8/4,4139594 
2023/8/5,4135893 
2023/8/6,4129800 
2023/8/7,4161958 
2023/8/8,4265000 
2023/8/9,4255600 
2023/8/10,4265757 
2023/8/11,4261641 
2023/8/12,4267653 
2023/8/13,4251000 
2023/8/14,4285385 
2023/8/15,4258783 
2023/8/16,4208508 
2023/8/17,3917771 
2023/8/18,3798579 
2023/8/19,3811191 
2023/8/20,3816393 
2023/8/21,3827035 
2023/8/22,3801461 
2023/8/23,3822228 
2023/8/24,3829932 
2023/8/25,3819233 
2023/8/26,3818763 
2023/8/27,3828507 
2023/8/28,3829292 
2023/8/29,4046851 
2023/8/30,3989862 
2023/8/31,3789732 
2023/9/1,3779072 
2023/9/2,3793627 
2023/9/3,3800275 
2023/9/4,3788700 
2023/9/5,3807075 
2023/9/6,3809913 
2023/9/7,3869733 
2023/9/8,3837437 
2023/9/9,3832922 
2023/9/10,3806003 
2023/9/11,3699912 
2023/9/12,3807869 
2023/9/13,3868193 
2023/9/14,3919180 
2023/9/15,3936405 
2023/9/16,3934225 
2023/9/17,3929773 
2023/9/18,3958739 
2023/9/19,4022291 
2023/9/20,4026322 
2023/9/21,3931213 
2023/9/22,3948561 
2023/9/23,3946004 
2023/9/24,3905937 
2023/9/25,3918800 
2023/9/26,3911360 
2023/9/27,3944910 
2023/9/28,4028502 
2023/9/29,4022000 
2023/9/30,4032776 
2023/10/1,4179681 
2023/10/2,4126498 
2023/10/3,4097183 
2023/10/4,4147205 
2023/10/5,4081427 
2023/10/6,4170580 
2023/10/7,4182197 
2023/10/8,4170130 
2023/10/9,4103969 
2023/10/10,4076450 
2023/10/11,4015571 
2023/10/12,4012968 
2023/10/13,4029520 
2023/10/14,4029619 
2023/10/15,4064053 
2023/10/16,4263348 
2023/10/17,4256000 
2023/10/18,4245004 
2023/10/19,4305230 
2023/10/20,4444181 
2023/10/21,4478009 
2023/10/22,4489761 
2023/10/23,4939000 
2023/10/24,5079330 
2023/10/25,5180000 
2023/10/26,5142959 
2023/10/27,5076438 
2023/10/28,5111920 
2023/10/29,5171000 
2023/10/30,5152100 
2023/10/31,5244740 
2023/11/1,5337526 
2023/11/2,5270737 
2023/11/3,5201144 
2023/11/4,5241720 
2023/11/5,5235985 
2023/11/6,5259423 
2023/11/7,5322597 
2023/11/8,5376569 
2023/11/9,5559557 
2023/11/10,5658208 
2023/11/11,5632361 
2023/11/12,5624898 
2023/11/13,5539500 
2023/11/14,5359010 
2023/11/15,5730485 
2023/11/16,5474000 
2023/11/17,5486293 
2023/11/18,5481983 
2023/11/19,5605724 
2023/11/20,5561000 
2023/11/21,5304674 
2023/11/22,5595000 
2023/11/23,5581766 
2023/11/24,5646752 
2023/11/25,5655064 
2023/11/26,5609682 
2023/11/27,5543927 
2023/11/28,5567370 
2023/11/29,5578877 
2023/11/30,5585815 
2023/12/1,5686516 
2023/12/2,5788766 
2023/12/3,5855104 
2023/12/4,6189984 
2023/12/5,6492300 
2023/12/6,6446153 
2023/12/7,6251606 
2023/12/8,6403944 
2023/12/9,6344824 
2023/12/10,6352315 
2023/12/11,6042828 
2023/12/12,6037350 
2023/12/13,6137688 
2023/12/14,6124631 
2023/12/15,5974568 
2023/12/16,6022915 
2023/12/17,5899999 
2023/12/18,6087215 
2023/12/19,6090095 
2023/12/20,6270000 
2023/12/21,6237169 
2023/12/22,6268206 
2023/12/23,6234168 
2023/12/24,6137797 
2023/12/25,6207127 
2023/12/26,6083304 
2023/12/27,6149026 
2023/12/28,6039995 
2023/12/29,5969262 
2023/12/30,5955539 
2023/12/31,5988801 
2024/1/1,6236658 
2024/1/2,6392181 
2024/1/3,6150340 
2024/1/4,6390567 
2024/1/5,6386700 
2024/1/6,6364404 
2024/1/7,6374571 
2024/1/8,6752383 
2024/1/9,6667290 
2024/1/10,6802415 
2024/1/11,6737219 
2024/1/12,6229095 
2024/1/13,6226365 
2024/1/14,6058594 
2024/1/15,6204608 
2024/1/16,6355086 
2024/1/17,6334388 
2024/1/18,6140557 
2024/1/19,6170700 
2024/1/20,6172676 
2024/1/21,6156864 
2024/1/22,5875166 
2024/1/23,5930730 
2024/1/24,5923115 
2024/1/25,5906037 
2024/1/26,6195555 
2024/1/27,6236160 
2024/1/28,6228326 
2024/1/29,6380600 
2024/1/30,6340700 
2024/1/31,6268699 
2024/2/1,6310003 
2024/2/2,6406446 
2024/2/3,6373651 
2024/2/4,6327550 
2024/2/5,6355268 
2024/2/6,6373166 
2024/2/7,6554074 
2024/2/8,6754997 
2024/2/9,7027493 
2024/2/10,7112116 
2024/2/11,7200777 
2024/2/12,7448000 
2024/2/13,7477000 
2024/2/14,7804221 
2024/2/15,7788981 
2024/2/16,7847913 
2024/2/17,7768982 
2024/2/18,7827097 
2024/2/19,7787029 
2024/2/20,7838641 
2024/2/21,7797628 
2024/2/22,7729496 
2024/2/23,7653860 
2024/2/24,7761772 
2024/2/25,7780745 
2024/2/26,8200003 
2024/2/27,8588173 
2024/2/28,9426102 
2024/2/29,9176275 
2024/3/1,9376289 
2024/3/2,9303908 
2024/3/3,9476466 
2024/3/4,10261254 
2024/3/5,9596147 
2024/3/6,9879490 
2024/3/7,9900000 
2024/3/8,10052245 
2024/3/9,10084079 
2024/3/10,10147771 
2024/3/11,10581902 
2024/3/12,10568497 
2024/3/13,10813531 
2024/3/14,10655761 
2024/3/15,10365449 
2024/3/16,9724509 
2024/3/17,10190063 
2024/3/18,10076067 
2024/3/19,9351095 
2024/3/20,10227750 
2024/3/21,9935647 
2024/3/22,9696974 
2024/3/23,9704054 
2024/3/24,10153582 
2024/3/25,10564998 
2024/3/26,10609564 
2024/3/27,10529526 
2024/3/28,10722030 
2024/3/29,10617240 
2024/3/30,10555779 
2024/3/31,10799211 
2024/4/1,10576000 
2024/4/2,9972844 
2024/4/3,10026846 
2024/4/4,10377118 
2024/4/5,10292472 
2024/4/6,10438765 
2024/4/7,10533117 
2024/4/8,10876628 
2024/4/9,10511663 
2024/4/10,10796495 
2024/4/11,10741522 
2024/4/12,10357932 
2024/4/13,9957331 
2024/4/14,10119202 
2024/4/15,9852175 
2024/4/16,9917563 
2024/4/17,9485867 
2024/4/18,9830263 
2024/4/19,9881719 
2024/4/20,10047604 
2024/4/21,10047377 
2024/4/22,10365036 
2024/4/23,10298406 
2024/4/24,10003715 
2024/4/25,10039950 
2024/4/26,10093722 
2024/4/27,10037070 
2024/4/28,10009850 
2024/4/29,9974924 
2024/4/30,9618086 
2024/5/1,9127613 
2024/5/2,9057501 
2024/5/3,9628644 
2024/5/4,9786836 
2024/5/5,9840203 
2024/5/6,9756431 
2024/5/7,9670000 
2024/5/8,9521622 
2024/5/9,9803223 
2024/5/10,9500163 
2024/5/11,9496567 
2024/5/12,9594429 
2024/5/13,9840528 
2024/5/14,9656322 
2024/5/15,10221754 
2024/5/16,10163061 
2024/5/17,10443039 
2024/5/18,10432839 
2024/5/19,10341445 
2024/5/20,11147107 
2024/5/21,10968060 
2024/5/22,10857009 
2024/5/23,10689043 
2024/5/24,10737218 
2024/5/25,10881484 
2024/5/26,10747943 
2024/5/27,10897029 
2024/5/28,10758000 
2024/5/29,10674000 
2024/5/30,10740530 
2024/5/31,10642811 
2024/6/1,10664646 
2024/6/2,10658890 
2024/6/3,10761335 
2024/6/4,10935000 
2024/6/5,11098616 
2024/6/6,11046503 
2024/6/7,10929823 
2024/6/8,10899737 
2024/6/9,10932670 
2024/6/10,10944373 
2024/6/11,10618165 
2024/6/12,10730709 
2024/6/13,10516611 
2024/6/14,10405492 
2024/6/15,10429274 
2024/6/16,10519831 
2024/6/17,10499132 
2024/6/18,10292731 
2024/6/19,10284994 
2024/6/20,10328515 
2024/6/21,10254004 
2024/6/22,10284188 
2024/6/23,10126429 
2024/6/24,9644706 
2024/6/25,9886249 
2024/6/26,9788820 
2024/6/27,9919140 
2024/6/28,9732520 
2024/6/29,9823684 
2024/6/30,10102372 
2024/7/1,10163457 
2024/7/2,10037324 
2024/7/3,9737259 
2024/7/4,9219590 
2024/7/5,9129741 
2024/7/6,9394021 
2024/7/7,8982000 
2024/7/8,9132883 
2024/7/9,9376942 
2024/7/10,9342319 
2024/7/11,9089342 
2024/7/12,9160036 
2024/7/13,9359801 
2024/7/14,9635398 
2024/7/15,10237620 
2024/7/16,10294192 
2024/7/17,9980003 
2024/7/18,10074861 
2024/7/19,10479830 
2024/7/20,10567845 
2024/7/21,10728971 
2024/7/22,10614343 
2024/7/23,10284304 
2024/7/24,10067847 
2024/7/25,10130017 
2024/7/26,10447160 
2024/7/27,10436150 
2024/7/28,10527356 
2024/7/29,10289525 
2024/7/30,10119525 
2024/7/31,9692633 
2024/8/1,9765087 
2024/8/2,9011276 
2024/8/3,8923740 
2024/8/4,8464575 
2024/8/5,7893967 
2024/8/6,8124915 
2024/8/7,8070763 
2024/8/8,9130961 
2024/8/9,8943614 
2024/8/10,8944273 
2024/8/11,8636938 
2024/8/12,8741322 
2024/8/13,8907198 
2024/8/14,8668372 
2024/8/15,8602408 
2024/8/16,8698961 
2024/8/17,8788726 
2024/8/18,8661158 
2024/8/19,8740880 
2024/8/20,8602379 
2024/8/21,8881700 
2024/8/22,8847856 
2024/8/23,9263362 
2024/8/24,9276027 
2024/8/25,9254583 
2024/8/26,9098214 
2024/8/27,8592112 
2024/8/28,8547962 
2024/8/29,8637601 
2024/8/30,8659068 
2024/8/31,8636977 
2024/9/1,8406040 
2024/9/2,8691389 
2024/9/3,8383220 
2024/9/4,8327846 
2024/9/5,8074604 
2024/9/6,7708360 
2024/9/7,7726037 
2024/9/8,7831878 
2024/9/9,8189815 
2024/9/10,8212073 
2024/9/11,8190249 
2024/9/12,8246595 
2024/9/13,8537506 
2024/9/14,8467149 
2024/9/15,8341997 
2024/9/16,8209820 
2024/9/17,8568000 
2024/9/18,8827223 
2024/9/19,9002995 
2024/9/20,9103959 
2024/9/21,9124094 
2024/9/22,9155003 
2024/9/23,9107198 
2024/9/24,9202239 
2024/9/25,9152607 
2024/9/26,9466105 
2024/9/27,9371940 
2024/9/28,9374060 
2024/9/29,9377946 
2024/9/30,9118859 
2024/10/1,8765685 
2024/10/2,8905819 
2024/10/3,8935519 
2024/10/4,9238402 
2024/10/5,9245944 
2024/10/6,9357245 
2024/10/7,9229155 
2024/10/8,9218168 
2024/10/9,9059346 
2024/10/10,8980072 
2024/10/11,9321120 
2024/10/12,9428983 
2024/10/13,9389867 
2024/10/14,9882117 
2024/10/15,9999525 
2024/10/16,10127503 
2024/10/17,10122579 
2024/10/18,10252097 
2024/10/19,10238550 
2024/10/20,10334731 
2024/10/21,10158187 
2024/10/22,10198945 
2024/10/23,10185579 
2024/10/24,10358585 
2024/10/25,10162897 
2024/10/26,10217828 
2024/10/27,10397370 
2024/10/28,10702191 
2024/10/29,11145982 
2024/10/30,11088574 
2024/10/31,10689007 
2024/11/1,10654470 
2024/11/2,10636212 
2024/11/3,10492712 
2024/11/4,10346725 
2024/11/5,10530201 
2024/11/6,11670030 
2024/11/7,11637880 
2024/11/8,11703600 
2024/11/9,11716715 
2024/11/10,12307977 
2024/11/11,13653261 
2024/11/12,13622144 
2024/11/13,14083740 
2024/11/14,13691254 
2024/11/15,14042642 
2024/11/16,13974056 
2024/11/17,13904081 
2024/11/18,14009003 
2024/11/19,14322000 
2024/11/20,14677833 
2024/11/21,15195295 
2024/11/22,15331921 
2024/11/23,15147492 
2024/11/24,15115502 
2024/11/25,14373792 
2024/11/26,14098888 
2024/11/27,14556492 
2024/11/28,14505064 
2024/11/29,14629999 
2024/11/30,14468396 
2024/12/1,14560801 
2024/12/2,14358983 
2024/12/3,14366628 
2024/12/4,14845928 
2024/12/5,14606247 
2024/12/6,14982314 
2024/12/7,14997862 
2024/12/8,15160241 
2024/12/9,14754096 
2024/12/10,14672320 
2024/12/11,15385298 
2024/12/12,15273682 
2024/12/13,15578399 
2024/12/14,15586717 
2024/12/15,16032922 
2024/12/16,16358615 
2024/12/17,16327300 
2024/12/18,15528342 
2024/12/19,15392685 
2024/12/20,15345003 
2024/12/21,15221576 
2024/12/22,14931437 
2024/12/23,14920203 
2024/12/24,15507649 
2024/12/25,15614660 
2024/12/26,15126448 
2024/12/27,14903599 
2024/12/28,15052152 
2024/12/29,14789686 
2024/12/30,14568223 
2024/12/31,14730000 
2025/1/1,14893522 
2025/1/2,15269076 
2025/1/3,15439845 
2025/1/4,15440000 
2025/1/5,15459997 
2025/1/6,16134861 
2025/1/7,15373354 
2025/1/8,15078932 
2025/1/9,14656100 
2025/1/10,14986696 
2025/1/11,14946800 
2025/1/12,14936185 
2025/1/13,14893054 
2025/1/14,15278596 
2025/1/15,15709038 
2025/1/16,15552545 
2025/1/17,16266713 
2025/1/18,16344996 
2025/1/19,15857556 
2025/1/20,15919213 
2025/1/21,16541838 
2025/1/22,16255916 
2025/1/23,16254449 
2025/1/24,16372294 
2025/1/25,16365352 
2025/1/26,16017174 
2025/1/27,15860769 
2025/1/28,15805808 
2025/1/29,16129988 
2025/1/30,16171635 
2025/1/31,15939262 
2025/2/1,15644276 
2025/2/2,15220023 
2025/2/3,15774808 
2025/2/4,15118890 
2025/2/5,14783999 
2025/2/6,14639496 
2025/2/7,14666969 
2025/2/8,14639692 
2025/2/9,14687528 
2025/2/10,14828107 
2025/2/11,14664711 
2025/2/12,15101571 
2025/2/13,14818100 
2025/2/14,14878310 
2025/2/15,14901060 
2025/2/16,14657488 
2025/2/17,14541337 
2025/2/18,14542764 
2025/2/19,14647963 
2025/2/20,14731119 
2025/2/21,14410029 
2025/2/22,14438235 
2025/2/23,14412421 
2025/2/24,13742725 
2025/2/25,13217946 
2025/2/26,12531514 
2025/2/27,12715925 
2025/2/28,12702441 
2025/3/1,12987782 
2025/3/2,14244319 
2025/3/3,12924071 
2025/3/4,13100915 
2025/3/5,13529718 
2025/3/6,13372101 
2025/3/7,12870050 
2025/3/8,12775780 
2025/3/9,11943500 
2025/3/10,11572809 
2025/3/11,12309997 
2025/3/12,12444908 
2025/3/13,12034297 
2025/3/14,12510716 
2025/3/15,12574174 
2025/3/16,12311406 
2025/3/17,12581621 
2025/3/18,12385700 
2025/3/19,12924371 
2025/3/20,12530327 
2025/3/21,12560399 
2025/3/22,12527127 
2025/3/23,12893672 
2025/3/24,13211346 
2025/3/25,13128878 
2025/3/26,13100099 
2025/3/27,13173098 
2025/3/28,12666494 
2025/3/29,12400299 
2025/3/30,12336529 
2025/3/31,12398647 
2025/4/1,12775000 
2025/4/2,12219998 
2025/4/3,12176042 
2025/4/4,12313000 
2025/4/5,12280000 
2025/4/6,11400000 
2025/4/7,11700455 
2025/4/8,11127055 
2025/4/9,12186600 
2025/4/10,11451630 
2025/4/11,11975718 
2025/4/12,12244500 
2025/4/13,12042303 
2025/4/14,12129742 
2025/4/15,11996885 
2025/4/16,11947675 
2025/4/17,12105900 
2025/4/18,12042769 
2025/4/19,12118500 
2025/4/20,12079399 
2025/4/21,12351665 
2025/4/22,13347271 
2025/4/23,13439513 
2025/4/24,13451989 
2025/4/25,13628340 
2025/4/26,13619397 
2025/4/27,13498513 
2025/4/28,13548445 
2025/4/29,13440709 
2025/4/30,13504406 
2025/5/1,14061972 
2025/5/2,14083900 
2025/5/3,13955186 
2025/5/4,13676700 
2025/5/5,13638499 
2025/5/6,13873792 
2025/5/7,13977250 
2025/5/8,15072003 
2025/5/9,14976400 
2025/5/10,15244997 
2025/5/11,15203570 
2025/5/12,15264453 
2025/5/13,15384700 
2025/5/14,15196000 
2025/5/15,15132548 
2025/5/16,15113200 
2025/5/17,15061376 
2025/5/18,15480397 
2025/5/19,15326916 
2025/5/20,15424964 
2025/5/21,15746684 
2025/5/22,16078848 
2025/5/23,15314733 
2025/5/24,15405299 
2025/5/25,15599004 
2025/5/26,15637799 
2025/5/27,15723700 
2025/5/28,15718300 
2025/5/29,15209502 
2025/5/30,14997100 
2025/5/31,15107797 
2025/6/1,15221000 
2025/6/2,15095901 
2025/6/3,15179634 
2025/6/4,14973796 
2025/6/5,14606594 
2025/6/6,15105900 
2025/6/7,15285596 
2025/6/8,15294972 
2025/6/9,15909519 
2025/6/10,15955279 
2025/6/11,15690000 
2025/6/12,15161389 
2025/6/13,15300933 
2025/6/14,15208100 
2025/6/15,15285560 
2025/6/16,15448197 
2025/6/17,15231838 
2025/6/18,15221893 
2025/6/19,15212999 
2025/6/20,15127000 
2025/6/21,14946944 
2025/6/22,14784785 
2025/6/23,15373869 
2025/6/24,15379000 
2025/6/25,15559403 
2025/6/26,15495895 
2025/6/27,15513136 
2025/6/28,15548193 
2025/6/29,15660586 
2025/6/30,15440548 
2025/7/1,15184079 
2025/7/2,15586407 
2025/7/3,15832897 
2025/7/4,15644400 
2025/7/5,15658100 
2025/7/6,15791070 
2025/7/7,15801475 
2025/7/8,15995471 
2025/7/9,16230000 
2025/7/10,16892584 
2025/7/11,17273796 
2025/7/12,17280612 
2025/7/13,17518992 
2025/7/14,17712024 
2025/7/15,17525000 
2025/7/16,17584740 
2025/7/17,17702168 
2025/7/18,17573560 
2025/7/19,17564596 
2025/7/20,17438800 
2025/7/21,17336494 
2025/7/22,17617100 
2025/7/23,17399100 
2025/7/24,17396400 
2025/7/25,17371204 
2025/7/26,17420894 
2025/7/27,17641302 
2025/7/28,17550000 
2025/7/29,17529300 
2025/7/30,17590488 
2025/7/31,17483524 
2025/8/1,16728000 
2025/8/2,16620896 
2025/8/3,16858596 
2025/8/4,16912998 
2025/8/5,16850052 
2025/8/6,16936600 
2025/8/7,17259496 
2025/8/8,17231300 
2025/8/9,17223538 
2025/8/10,17608900 
2025/8/11,17595224 
2025/8/12,17753764 
2025/8/13,18153700 
2025/8/14,17519464 
2025/8/15,17320506 
2025/8/16,17318800 
2025/8/17,17328368 
2025/8/18,17217380 
2025/8/19,16695891 
2025/8/20,16876864 
2025/8/21,16708324 
2025/8/22,17175804 
2025/8/23,16964300 
2025/8/24,16730200 
2025/8/25,16299297 
2025/8/26,16499497 
2025/8/27,16403738 
2025/8/28,16560410 
2025/8/29,15973957 
2025/8/30,16028892 
2025/8/31,15950019 
2025/9/1,16088771 
2025/9/2,16537292 
2025/9/3,16549099 
2025/9/4,16447367 
2025/9/5,16325477 
2025/9/6,16263027 
2025/9/7,16492410 
2025/9/8,16530952 
2025/9/9,16450037 
2025/9/10,16809300 
2025/9/11,17014000 
2025/9/12,17150000 
2025/9/13,17132100 
2025/9/14,17064224 
2025/9/15,17021688 
2025/9/16,17116964 
2025/9/17,17119600 
2025/9/18,17338196 
2025/9/19,17142500 
2025/9/20,17148600 
2025/9/21,17090308 
2025/9/22,16684495 
2025/9/23,16558397 
2025/9/24,16879096 
2025/9/25,16362198 
2025/9/26,16434392 
2025/9/27,16412519 
2025/9/28,16776625 
2025/9/29,17016168 
2025/9/30,16895000 
2025/10/1,17450000 
2025/10/2,17740000 
2025/10/3,18011088 
2025/10/4,18066604 
2025/10/5,18473600 
2025/10/6,18759800 
2025/10/7,18482000 
2025/10/8,18836738 
2025/10/9,18641178 
2025/10/10,17184678 
2025/10/11,16924508 
2025/10/12,17543152 
2025/10/13,17578034 
2025/10/14,17191864 
2025/10/15,16761561 
2025/10/16,16289730 
2025/10/17,16101403 
2025/10/18,16194829 
2025/10/19,16439500 
2025/10/20,16704395 
2025/10/21,16458015 
2025/10/22,16369483 
2025/10/23,16822298 
2025/10/24,16982124 
2025/10/25,17085796 
2025/10/26,17520248 
2025/10/27,17440528 
2025/10/28,17159564 
2025/10/29,16835196 
2025/10/30,16693527 
2025/10/31,16896092 
2025/11/1,16970464 
2025/11/2,17066400 
2025/11/3,16444764 
2025/11/4,15605203 
2025/11/5,16032813 
2025/11/6,15511961 
2025/11/7,15850000 
2025/11/8,15725599 
2025/11/9,16128997 
2025/11/10,16357386 
2025/11/11,15900023 
2025/11/12,15740849 
2025/11/13,15429064 
2025/11/14,14651390 
2025/11/15,14786318 
2025/11/16,14582498 
2025/11/17,14322559 
2025/11/18,14468245 
2025/11/19,14383209 
2025/11/20,13645624 
2025/11/21,13322128 
2025/11/22,13261088 
2025/11/23,13617986 
2025/11/24,13859341 
2025/11/25,13655151 
2025/11/26,14160042 
2025/11/27,14293726 
2025/11/28,14225744 
2025/11/29,14208947 
2025/11/30,14110000 
2025/12/1,13440400 
2025/12/2,14225307 
2025/12/3,14515600 
2025/12/4,14302930 
2025/12/5,13892189 
2025/12/6,13871477 
2025/12/7,14071562 
2025/12/8,14140000 
2025/12/9,14531600 
2025/12/10,14357207 
2025/12/11,14401975 
2025/12/12,14097229 
2025/12/13,14088264 
2025/12/14,13757064 
2025/12/15,13418715 
2025/12/16,13613962 
2025/12/17,13418397 
2025/12/18,13316307 
2025/12/19,13908800 
2025/12/20,13931315 
2025/12/21,13973512 
2025/12/22,13904199 
2025/12/23,13675301 
2025/12/24,13682607 
2025/12/25,13624420 
2025/12/26,13687598 
2025/12/27,13757461 
2025/12/28,13758071 
2025/12/29,13624070 
2025/12/30,13831702 
2025/12/31,13680099 
2026/1/1,13891346 